<?xml version="1.0" encoding="utf-8"?>
<xd:acceleratorMap xmlns:xd="http://www.xilinx.com/xidane" xd:functionName="Run_CCRF" xd:componentRef="Run_CCRF" xd:initiationInterval="x" xd:clockPeriod="10.000" xd:sequential="true" xd:hostMachine="64" xd:reset="control">
  <xd:controlReg xd:name="control" xd:interfaceRef="ap_ctrl" xd:busTypeRef="acc_handshake" xd:type="acc_handshake"/>
  <xd:arg xd:name="status_signals.job_info.input1" xd:originalName="status_signals" xd:direction="out" xd:interfaceRef="status_signals" xd:busTypeRef="register" xd:handshakeRef="ap_none" xd:dataPack="true" xd:bitMapping="63:0" xd:dataWidth="64"/>
  <xd:arg xd:name="status_signals.job_info.input2" xd:originalName="status_signals" xd:direction="out" xd:interfaceRef="status_signals" xd:busTypeRef="register" xd:handshakeRef="ap_none" xd:dataPack="true" xd:bitMapping="127:64" xd:dataWidth="64"/>
  <xd:arg xd:name="status_signals.job_info.output" xd:originalName="status_signals" xd:direction="out" xd:interfaceRef="status_signals" xd:busTypeRef="register" xd:handshakeRef="ap_none" xd:dataPack="true" xd:bitMapping="191:128" xd:dataWidth="64"/>
  <xd:arg xd:name="status_signals.job_info.image_size" xd:originalName="status_signals" xd:direction="out" xd:interfaceRef="status_signals" xd:busTypeRef="register" xd:handshakeRef="ap_none" xd:dataPack="true" xd:bitMapping="223:192" xd:dataWidth="32"/>
  <xd:arg xd:name="status_signals.job_info.job_ID" xd:originalName="status_signals" xd:direction="out" xd:interfaceRef="status_signals" xd:busTypeRef="register" xd:handshakeRef="ap_none" xd:dataPack="true" xd:bitMapping="231:224" xd:dataWidth="8"/>
  <xd:arg xd:name="status_signals.is_processing" xd:originalName="status_signals" xd:direction="out" xd:interfaceRef="status_signals" xd:busTypeRef="register" xd:handshakeRef="ap_none" xd:dataPack="true" xd:bitMapping="232:232" xd:dataWidth="1"/>
  <xd:arg xd:name="status_signals.running" xd:originalName="status_signals" xd:direction="out" xd:interfaceRef="status_signals" xd:busTypeRef="register" xd:handshakeRef="ap_none" xd:dataPack="true" xd:bitMapping="233:233" xd:dataWidth="1"/>
  <xd:arg xd:name="input_subtask_queue.input1" xd:originalName="input_subtask_queue" xd:direction="in" xd:interfaceRef="input_subtask_queue_V" xd:busTypeRef="axis" xd:dataPack="true" xd:bitMapping="63:0" xd:dataWidth="64"/>
  <xd:arg xd:name="input_subtask_queue.input2" xd:originalName="input_subtask_queue" xd:direction="in" xd:interfaceRef="input_subtask_queue_V" xd:busTypeRef="axis" xd:dataPack="true" xd:bitMapping="127:64" xd:dataWidth="64"/>
  <xd:arg xd:name="input_subtask_queue.output" xd:originalName="input_subtask_queue" xd:direction="in" xd:interfaceRef="input_subtask_queue_V" xd:busTypeRef="axis" xd:dataPack="true" xd:bitMapping="191:128" xd:dataWidth="64"/>
  <xd:arg xd:name="input_subtask_queue.image_size" xd:originalName="input_subtask_queue" xd:direction="in" xd:interfaceRef="input_subtask_queue_V" xd:busTypeRef="axis" xd:dataPack="true" xd:bitMapping="223:192" xd:dataWidth="32"/>
  <xd:arg xd:name="input_subtask_queue.job_ID" xd:originalName="input_subtask_queue" xd:direction="in" xd:interfaceRef="input_subtask_queue_V" xd:busTypeRef="axis" xd:dataPack="true" xd:bitMapping="231:224" xd:dataWidth="8"/>
  <xd:arg xd:name="output_subtask_queue" xd:originalName="output_subtask_queue" xd:direction="out" xd:interfaceRef="output_subtask_queue_V" xd:busTypeRef="axis" xd:dataWidth="64"/>
  <xd:arg xd:name="CCRF_LUT_BLUE0[]" xd:originalName="CCRF_LUT_BLUE0" xd:direction="in" xd:interfaceRef="CCRF_LUT_BLUE0_PORTA" xd:busTypeRef="bram" xd:arraySize="1572864" xd:dataWidth="8"/>
  <xd:arg xd:name="CCRF_LUT_GREEN0[]" xd:originalName="CCRF_LUT_GREEN0" xd:direction="in" xd:interfaceRef="CCRF_LUT_GREEN0_PORTA" xd:busTypeRef="bram" xd:arraySize="1572864" xd:dataWidth="8"/>
  <xd:arg xd:name="CCRF_LUT_RED0[]" xd:originalName="CCRF_LUT_RED0" xd:direction="in" xd:interfaceRef="CCRF_LUT_RED0_PORTA" xd:busTypeRef="bram" xd:arraySize="1572864" xd:dataWidth="8"/>
  <xd:arg xd:name="CCRF_LUT_BLUE1[]" xd:originalName="CCRF_LUT_BLUE1" xd:direction="in" xd:interfaceRef="CCRF_LUT_BLUE1_PORTA" xd:busTypeRef="bram" xd:arraySize="1572864" xd:dataWidth="8"/>
  <xd:arg xd:name="CCRF_LUT_GREEN1[]" xd:originalName="CCRF_LUT_GREEN1" xd:direction="in" xd:interfaceRef="CCRF_LUT_GREEN1_PORTA" xd:busTypeRef="bram" xd:arraySize="1572864" xd:dataWidth="8"/>
  <xd:arg xd:name="CCRF_LUT_RED1[]" xd:originalName="CCRF_LUT_RED1" xd:direction="in" xd:interfaceRef="CCRF_LUT_RED1_PORTA" xd:busTypeRef="bram" xd:arraySize="1572864" xd:dataWidth="8"/>
  <xd:arg xd:name="CCRF_LUT_BLUE2[]" xd:originalName="CCRF_LUT_BLUE2" xd:direction="in" xd:interfaceRef="CCRF_LUT_BLUE2_PORTA" xd:busTypeRef="bram" xd:arraySize="1572864" xd:dataWidth="8"/>
  <xd:arg xd:name="CCRF_LUT_GREEN2[]" xd:originalName="CCRF_LUT_GREEN2" xd:direction="in" xd:interfaceRef="CCRF_LUT_GREEN2_PORTA" xd:busTypeRef="bram" xd:arraySize="1572864" xd:dataWidth="8"/>
  <xd:arg xd:name="CCRF_LUT_RED2[]" xd:originalName="CCRF_LUT_RED2" xd:direction="in" xd:interfaceRef="CCRF_LUT_RED2_PORTA" xd:busTypeRef="bram" xd:arraySize="1572864" xd:dataWidth="8"/>
  <xd:arg xd:name="CCRF_LUT_BLUE3[]" xd:originalName="CCRF_LUT_BLUE3" xd:direction="in" xd:interfaceRef="CCRF_LUT_BLUE3_PORTA" xd:busTypeRef="bram" xd:arraySize="1572864" xd:dataWidth="8"/>
  <xd:arg xd:name="CCRF_LUT_GREEN3[]" xd:originalName="CCRF_LUT_GREEN3" xd:direction="in" xd:interfaceRef="CCRF_LUT_GREEN3_PORTA" xd:busTypeRef="bram" xd:arraySize="1572864" xd:dataWidth="8"/>
  <xd:arg xd:name="CCRF_LUT_RED3[]" xd:originalName="CCRF_LUT_RED3" xd:direction="in" xd:interfaceRef="CCRF_LUT_RED3_PORTA" xd:busTypeRef="bram" xd:arraySize="1572864" xd:dataWidth="8"/>
  <xd:arg xd:name="CCRF_LUT_BLUE4[]" xd:originalName="CCRF_LUT_BLUE4" xd:direction="in" xd:interfaceRef="CCRF_LUT_BLUE4_PORTA" xd:busTypeRef="bram" xd:arraySize="1572864" xd:dataWidth="8"/>
  <xd:arg xd:name="CCRF_LUT_GREEN4[]" xd:originalName="CCRF_LUT_GREEN4" xd:direction="in" xd:interfaceRef="CCRF_LUT_GREEN4_PORTA" xd:busTypeRef="bram" xd:arraySize="1572864" xd:dataWidth="8"/>
  <xd:arg xd:name="CCRF_LUT_RED4[]" xd:originalName="CCRF_LUT_RED4" xd:direction="in" xd:interfaceRef="CCRF_LUT_RED4_PORTA" xd:busTypeRef="bram" xd:arraySize="1572864" xd:dataWidth="8"/>
  <xd:arg xd:name="CCRF_LUT_BLUE5[]" xd:originalName="CCRF_LUT_BLUE5" xd:direction="in" xd:interfaceRef="CCRF_LUT_BLUE5_PORTA" xd:busTypeRef="bram" xd:arraySize="1572864" xd:dataWidth="8"/>
  <xd:arg xd:name="CCRF_LUT_GREEN5[]" xd:originalName="CCRF_LUT_GREEN5" xd:direction="in" xd:interfaceRef="CCRF_LUT_GREEN5_PORTA" xd:busTypeRef="bram" xd:arraySize="1572864" xd:dataWidth="8"/>
  <xd:arg xd:name="CCRF_LUT_RED5[]" xd:originalName="CCRF_LUT_RED5" xd:direction="in" xd:interfaceRef="CCRF_LUT_RED5_PORTA" xd:busTypeRef="bram" xd:arraySize="1572864" xd:dataWidth="8"/>
  <xd:arg xd:name="CCRF_LUT_BLUE6[]" xd:originalName="CCRF_LUT_BLUE6" xd:direction="in" xd:interfaceRef="CCRF_LUT_BLUE6_PORTA" xd:busTypeRef="bram" xd:arraySize="1572864" xd:dataWidth="8"/>
  <xd:arg xd:name="CCRF_LUT_GREEN6[]" xd:originalName="CCRF_LUT_GREEN6" xd:direction="in" xd:interfaceRef="CCRF_LUT_GREEN6_PORTA" xd:busTypeRef="bram" xd:arraySize="1572864" xd:dataWidth="8"/>
  <xd:arg xd:name="CCRF_LUT_RED6[]" xd:originalName="CCRF_LUT_RED6" xd:direction="in" xd:interfaceRef="CCRF_LUT_RED6_PORTA" xd:busTypeRef="bram" xd:arraySize="1572864" xd:dataWidth="8"/>
  <xd:arg xd:name="CCRF_LUT_BLUE7[]" xd:originalName="CCRF_LUT_BLUE7" xd:direction="in" xd:interfaceRef="CCRF_LUT_BLUE7_PORTA" xd:busTypeRef="bram" xd:arraySize="1572864" xd:dataWidth="8"/>
  <xd:arg xd:name="CCRF_LUT_GREEN7[]" xd:originalName="CCRF_LUT_GREEN7" xd:direction="in" xd:interfaceRef="CCRF_LUT_GREEN7_PORTA" xd:busTypeRef="bram" xd:arraySize="1572864" xd:dataWidth="8"/>
  <xd:arg xd:name="CCRF_LUT_RED7[]" xd:originalName="CCRF_LUT_RED7" xd:direction="in" xd:interfaceRef="CCRF_LUT_RED7_PORTA" xd:busTypeRef="bram" xd:arraySize="1572864" xd:dataWidth="8"/>
  <xd:arg xd:name="CCRF_LUT_BLUE8[]" xd:originalName="CCRF_LUT_BLUE8" xd:direction="in" xd:interfaceRef="CCRF_LUT_BLUE8_PORTA" xd:busTypeRef="bram" xd:arraySize="1572864" xd:dataWidth="8"/>
  <xd:arg xd:name="CCRF_LUT_GREEN8[]" xd:originalName="CCRF_LUT_GREEN8" xd:direction="in" xd:interfaceRef="CCRF_LUT_GREEN8_PORTA" xd:busTypeRef="bram" xd:arraySize="1572864" xd:dataWidth="8"/>
  <xd:arg xd:name="CCRF_LUT_RED8[]" xd:originalName="CCRF_LUT_RED8" xd:direction="in" xd:interfaceRef="CCRF_LUT_RED8_PORTA" xd:busTypeRef="bram" xd:arraySize="1572864" xd:dataWidth="8"/>
  <xd:arg xd:name="CCRF_LUT_BLUE9[]" xd:originalName="CCRF_LUT_BLUE9" xd:direction="in" xd:interfaceRef="CCRF_LUT_BLUE9_PORTA" xd:busTypeRef="bram" xd:arraySize="1572864" xd:dataWidth="8"/>
  <xd:arg xd:name="CCRF_LUT_GREEN9[]" xd:originalName="CCRF_LUT_GREEN9" xd:direction="in" xd:interfaceRef="CCRF_LUT_GREEN9_PORTA" xd:busTypeRef="bram" xd:arraySize="1572864" xd:dataWidth="8"/>
  <xd:arg xd:name="CCRF_LUT_RED9[]" xd:originalName="CCRF_LUT_RED9" xd:direction="in" xd:interfaceRef="CCRF_LUT_RED9_PORTA" xd:busTypeRef="bram" xd:arraySize="1572864" xd:dataWidth="8"/>
  <xd:arg xd:name="CCRF_LUT_BLUE10[]" xd:originalName="CCRF_LUT_BLUE10" xd:direction="in" xd:interfaceRef="CCRF_LUT_BLUE10_PORTA" xd:busTypeRef="bram" xd:arraySize="1572864" xd:dataWidth="8"/>
  <xd:arg xd:name="CCRF_LUT_GREEN10[]" xd:originalName="CCRF_LUT_GREEN10" xd:direction="in" xd:interfaceRef="CCRF_LUT_GREEN10_PORTA" xd:busTypeRef="bram" xd:arraySize="1572864" xd:dataWidth="8"/>
  <xd:arg xd:name="CCRF_LUT_RED10[]" xd:originalName="CCRF_LUT_RED10" xd:direction="in" xd:interfaceRef="CCRF_LUT_RED10_PORTA" xd:busTypeRef="bram" xd:arraySize="1572864" xd:dataWidth="8"/>
  <xd:arg xd:name="CCRF_LUT_BLUE11[]" xd:originalName="CCRF_LUT_BLUE11" xd:direction="in" xd:interfaceRef="CCRF_LUT_BLUE11_PORTA" xd:busTypeRef="bram" xd:arraySize="1572864" xd:dataWidth="8"/>
  <xd:arg xd:name="CCRF_LUT_GREEN11[]" xd:originalName="CCRF_LUT_GREEN11" xd:direction="in" xd:interfaceRef="CCRF_LUT_GREEN11_PORTA" xd:busTypeRef="bram" xd:arraySize="1572864" xd:dataWidth="8"/>
  <xd:arg xd:name="CCRF_LUT_RED11[]" xd:originalName="CCRF_LUT_RED11" xd:direction="in" xd:interfaceRef="CCRF_LUT_RED11_PORTA" xd:busTypeRef="bram" xd:arraySize="1572864" xd:dataWidth="8"/>
  <xd:arg xd:name="memory[]" xd:originalName="memory" xd:direction="inout" xd:interfaceRef="memory_PORTA" xd:busTypeRef="bram" xd:arraySize="2000000000" xd:dataWidth="8"/>
  <xd:arg xd:name="memory[]" xd:originalName="memory" xd:direction="inout" xd:interfaceRef="memory_PORTB" xd:busTypeRef="bram" xd:arraySize="2000000000" xd:dataWidth="8"/>
  <xd:arg xd:name="ccrf_got_data" xd:originalName="ccrf_got_data" xd:direction="out" xd:interfaceRef="ccrf_got_data" xd:busTypeRef="register" xd:handshakeRef="ap_none" xd:dataWidth="1"/>
  <xd:arg xd:name="ccrf_sent_data" xd:originalName="ccrf_sent_data" xd:direction="out" xd:interfaceRef="ccrf_sent_data" xd:busTypeRef="register" xd:handshakeRef="ap_none" xd:dataWidth="1"/>
  <xd:latencyEstimates xd:best-case="undef" xd:worst-case="undef" xd:average-case="undef"/>
  <xd:resourceEstimates xd:LUT="3836" xd:FF="1156" xd:BRAM="0" xd:DSP="0"/>
</xd:acceleratorMap>
