<?xml version="1.0" encoding="UTF-8" standalone="no"?>
<board schema_version="2.1" vendor="fidus.com" name="sw100-product" display_name="Sidewinder-100 NVMe Storage Controller Product" url="http://fidus.com/wp-content/uploads/Fidus-Sidewinder-100-2.pdf" preset_file="preset.xml">
  <images>
    <image name="sw100_board.png" display_name="SIDEWINDER-100 BOARD" sub_type="board">
      <description>Sidewinder-100 Board File Image</description>
    </image>
  </images>
  <file_version>1.0</file_version>
  <description>Sidewinder-100 NVMe Storage Controller</description> 
  <compatible_board_revisions>
    <revision id="0">2.0</revision>
  </compatible_board_revisions>
  <parameters>
    <parameter name="heat_sink_type" value="medium" value_type="string"/>
    <parameter name="heat_sink_temperature" value_type="range" value_min="20.0" value_max="40.0"/>
  </parameters>
  <components>
    <component name="part0" display_name="Sidewinder-100 NVMe Storage Controller" type="fpga" part_name="xczu19eg-ffvc1760-2-i" pin_map_file="part0_pins.xml" vendor="xilinx" spec_url="http://fidus.com/wp-content/uploads/Fidus-Sidewinder-100-2.pdf">
      <description>FPGA part on the board</description>
      <interfaces>
        <interface mode="master" name="ps8_fixedio" type="xilinx.com:zynq_ultra_ps_e:fixedio_rtl:1.0" of_component="ps8_fixedio" preset_proc="zynq_ultra_ps_e_preset"> 
          <preferred_ips>
            <preferred_ip vendor="xilinx.com" library="ip" name="zynq_ultra_ps_e" order="0"/>
          </preferred_ips>
        </interface>
      </interfaces>
    </component>
    <component name="ps8_fixedio" display_name="PS8 fixed IO" type="chip" sub_type="fixed_io" major_group=""/>
  </components>
  <jtag_chains>
    <jtag_chain name="chain1">
      <position name="0" component="part0"/>
    </jtag_chain>
  </jtag_chains>
</board>
