<?xml version="1.0" encoding="utf-8"?>
<xd:acceleratorMap xmlns:xd="http://www.xilinx.com/xidane" xd:functionName="CcrfSchedulerTopLevel" xd:componentRef="CcrfSchedulerTopLevel" xd:initiationInterval="2" xd:clockPeriod="10.000" xd:sequential="true" xd:hostMachine="64" xd:reset="control">
  <xd:controlReg xd:name="control" xd:interfaceRef="ap_ctrl" xd:busTypeRef="acc_handshake" xd:type="acc_handshake"/>
  <xd:arg xd:name="incoming_job_requests.data" xd:originalName="incoming_job_requests" xd:direction="in" xd:interfaceRef="incoming_job_requests_V" xd:busTypeRef="axis" xd:dataPack="true" xd:bitMapping="575:0" xd:dataWidth="576"/>
  <xd:arg xd:name="incoming_job_requests.keep" xd:originalName="incoming_job_requests" xd:direction="in" xd:interfaceRef="incoming_job_requests_V" xd:busTypeRef="axis" xd:dataPack="true" xd:bitMapping="647:576" xd:dataWidth="72"/>
  <xd:arg xd:name="incoming_job_requests.strb" xd:originalName="incoming_job_requests" xd:direction="in" xd:interfaceRef="incoming_job_requests_V" xd:busTypeRef="axis" xd:dataPack="true" xd:bitMapping="719:648" xd:dataWidth="72"/>
  <xd:arg xd:name="incoming_job_requests.user" xd:originalName="incoming_job_requests" xd:direction="in" xd:interfaceRef="incoming_job_requests_V" xd:busTypeRef="axis" xd:dataPack="true" xd:bitMapping="720:720" xd:dataWidth="1"/>
  <xd:arg xd:name="incoming_job_requests.last" xd:originalName="incoming_job_requests" xd:direction="in" xd:interfaceRef="incoming_job_requests_V" xd:busTypeRef="axis" xd:dataPack="true" xd:bitMapping="721:721" xd:dataWidth="1"/>
  <xd:arg xd:name="incoming_job_requests.id" xd:originalName="incoming_job_requests" xd:direction="in" xd:interfaceRef="incoming_job_requests_V" xd:busTypeRef="axis" xd:dataPack="true" xd:bitMapping="722:722" xd:dataWidth="1"/>
  <xd:arg xd:name="incoming_job_requests.dest" xd:originalName="incoming_job_requests" xd:direction="in" xd:interfaceRef="incoming_job_requests_V" xd:busTypeRef="axis" xd:dataPack="true" xd:bitMapping="723:723" xd:dataWidth="1"/>
  <xd:arg xd:name="response_message_queue.data" xd:originalName="response_message_queue" xd:direction="out" xd:interfaceRef="response_message_queue_V" xd:busTypeRef="axis" xd:dataPack="true" xd:bitMapping="31:0" xd:dataWidth="32"/>
  <xd:arg xd:name="response_message_queue.keep" xd:originalName="response_message_queue" xd:direction="out" xd:interfaceRef="response_message_queue_V" xd:busTypeRef="axis" xd:dataPack="true" xd:bitMapping="35:32" xd:dataWidth="4"/>
  <xd:arg xd:name="response_message_queue.strb" xd:originalName="response_message_queue" xd:direction="out" xd:interfaceRef="response_message_queue_V" xd:busTypeRef="axis" xd:dataPack="true" xd:bitMapping="39:36" xd:dataWidth="4"/>
  <xd:arg xd:name="response_message_queue.user" xd:originalName="response_message_queue" xd:direction="out" xd:interfaceRef="response_message_queue_V" xd:busTypeRef="axis" xd:dataPack="true" xd:bitMapping="40:40" xd:dataWidth="1"/>
  <xd:arg xd:name="response_message_queue.last" xd:originalName="response_message_queue" xd:direction="out" xd:interfaceRef="response_message_queue_V" xd:busTypeRef="axis" xd:dataPack="true" xd:bitMapping="41:41" xd:dataWidth="1"/>
  <xd:arg xd:name="response_message_queue.id" xd:originalName="response_message_queue" xd:direction="out" xd:interfaceRef="response_message_queue_V" xd:busTypeRef="axis" xd:dataPack="true" xd:bitMapping="42:42" xd:dataWidth="1"/>
  <xd:arg xd:name="response_message_queue.dest" xd:originalName="response_message_queue" xd:direction="out" xd:interfaceRef="response_message_queue_V" xd:busTypeRef="axis" xd:dataPack="true" xd:bitMapping="43:43" xd:dataWidth="1"/>
  <xd:arg xd:name="jobs_to_schedule_queue.job_descriptor.OUTPUT_IMAGE_LOCATION" xd:originalName="jobs_to_schedule_queue" xd:direction="out" xd:interfaceRef="jobs_to_schedule_queue_V" xd:busTypeRef="axis" xd:dataPack="true" xd:bitMapping="63:0" xd:dataWidth="64"/>
  <xd:arg xd:name="jobs_to_schedule_queue.job_descriptor.INPUT_IMAGES[0]" xd:originalName="jobs_to_schedule_queue" xd:direction="out" xd:interfaceRef="jobs_to_schedule_queue_V" xd:busTypeRef="axis" xd:dataPack="true" xd:bitMapping="127:64" xd:dataWidth="64"/>
  <xd:arg xd:name="jobs_to_schedule_queue.job_descriptor.INPUT_IMAGES[1]" xd:originalName="jobs_to_schedule_queue" xd:direction="out" xd:interfaceRef="jobs_to_schedule_queue_V" xd:busTypeRef="axis" xd:dataPack="true" xd:bitMapping="191:128" xd:dataWidth="64"/>
  <xd:arg xd:name="jobs_to_schedule_queue.job_descriptor.INPUT_IMAGES[2]" xd:originalName="jobs_to_schedule_queue" xd:direction="out" xd:interfaceRef="jobs_to_schedule_queue_V" xd:busTypeRef="axis" xd:dataPack="true" xd:bitMapping="255:192" xd:dataWidth="64"/>
  <xd:arg xd:name="jobs_to_schedule_queue.job_descriptor.INPUT_IMAGES[3]" xd:originalName="jobs_to_schedule_queue" xd:direction="out" xd:interfaceRef="jobs_to_schedule_queue_V" xd:busTypeRef="axis" xd:dataPack="true" xd:bitMapping="319:256" xd:dataWidth="64"/>
  <xd:arg xd:name="jobs_to_schedule_queue.job_descriptor.INPUT_IMAGES[4]" xd:originalName="jobs_to_schedule_queue" xd:direction="out" xd:interfaceRef="jobs_to_schedule_queue_V" xd:busTypeRef="axis" xd:dataPack="true" xd:bitMapping="383:320" xd:dataWidth="64"/>
  <xd:arg xd:name="jobs_to_schedule_queue.job_descriptor.INPUT_IMAGES[5]" xd:originalName="jobs_to_schedule_queue" xd:direction="out" xd:interfaceRef="jobs_to_schedule_queue_V" xd:busTypeRef="axis" xd:dataPack="true" xd:bitMapping="447:384" xd:dataWidth="64"/>
  <xd:arg xd:name="jobs_to_schedule_queue.job_descriptor.IMAGE_WIDTH" xd:originalName="jobs_to_schedule_queue" xd:direction="out" xd:interfaceRef="jobs_to_schedule_queue_V" xd:busTypeRef="axis" xd:dataPack="true" xd:bitMapping="463:448" xd:dataWidth="16"/>
  <xd:arg xd:name="jobs_to_schedule_queue.job_descriptor.IMAGE_HEIGHT" xd:originalName="jobs_to_schedule_queue" xd:direction="out" xd:interfaceRef="jobs_to_schedule_queue_V" xd:busTypeRef="axis" xd:dataPack="true" xd:bitMapping="479:464" xd:dataWidth="16"/>
  <xd:arg xd:name="jobs_to_schedule_queue.job_descriptor.LDR_IMAGE_COUNT" xd:originalName="jobs_to_schedule_queue" xd:direction="out" xd:interfaceRef="jobs_to_schedule_queue_V" xd:busTypeRef="axis" xd:dataPack="true" xd:bitMapping="487:480" xd:dataWidth="8"/>
  <xd:arg xd:name="jobs_to_schedule_queue.job_descriptor.dummy1" xd:originalName="jobs_to_schedule_queue" xd:direction="out" xd:interfaceRef="jobs_to_schedule_queue_V" xd:busTypeRef="axis" xd:dataPack="true" xd:bitMapping="495:488" xd:dataWidth="8"/>
  <xd:arg xd:name="jobs_to_schedule_queue.job_descriptor.dummy2" xd:originalName="jobs_to_schedule_queue" xd:direction="out" xd:interfaceRef="jobs_to_schedule_queue_V" xd:busTypeRef="axis" xd:dataPack="true" xd:bitMapping="503:496" xd:dataWidth="8"/>
  <xd:arg xd:name="jobs_to_schedule_queue.job_descriptor.dummy3" xd:originalName="jobs_to_schedule_queue" xd:direction="out" xd:interfaceRef="jobs_to_schedule_queue_V" xd:busTypeRef="axis" xd:dataPack="true" xd:bitMapping="511:504" xd:dataWidth="8"/>
  <xd:arg xd:name="jobs_to_schedule_queue.job_ID" xd:originalName="jobs_to_schedule_queue" xd:direction="out" xd:interfaceRef="jobs_to_schedule_queue_V" xd:busTypeRef="axis" xd:dataPack="true" xd:bitMapping="519:512" xd:dataWidth="8"/>
  <xd:arg xd:name="completed_jobs_queue.output_address" xd:originalName="completed_jobs_queue" xd:direction="in" xd:interfaceRef="completed_jobs_queue_V" xd:busTypeRef="axis" xd:dataPack="true" xd:bitMapping="63:0" xd:dataWidth="64"/>
  <xd:arg xd:name="completed_jobs_queue.job_ID" xd:originalName="completed_jobs_queue" xd:direction="in" xd:interfaceRef="completed_jobs_queue_V" xd:busTypeRef="axis" xd:dataPack="true" xd:bitMapping="71:64" xd:dataWidth="8"/>
  <xd:arg xd:name="completed_jobs_queue.image_size" xd:originalName="completed_jobs_queue" xd:direction="in" xd:interfaceRef="completed_jobs_queue_V" xd:busTypeRef="axis" xd:dataPack="true" xd:bitMapping="103:72" xd:dataWidth="32"/>
  <xd:arg xd:name="CCRF_HARDWARE_SCRATCHPAD_START_OUT" xd:originalName="CCRF_HARDWARE_SCRATCHPAD_START_OUT" xd:direction="out" xd:interfaceRef="CCRF_HARDWARE_SCRATCHPAD_START_OUT" xd:busTypeRef="register" xd:handshakeRef="ap_none" xd:dataWidth="64"/>
  <xd:arg xd:name="CCRF_HARDWARE_SCRATCHPAD_END_OUT" xd:originalName="CCRF_HARDWARE_SCRATCHPAD_END_OUT" xd:direction="out" xd:interfaceRef="CCRF_HARDWARE_SCRATCHPAD_END_OUT" xd:busTypeRef="register" xd:handshakeRef="ap_none" xd:dataWidth="64"/>
  <xd:arg xd:name="top_level_got_completed_job" xd:originalName="top_level_got_completed_job" xd:direction="out" xd:interfaceRef="top_level_got_completed_job" xd:busTypeRef="register" xd:handshakeRef="ap_vld" xd:dataWidth="1"/>
  <xd:arg xd:name="can_write_response_message" xd:originalName="can_write_response_message" xd:direction="out" xd:interfaceRef="can_write_response_message" xd:busTypeRef="register" xd:handshakeRef="ap_vld" xd:dataWidth="1"/>
  <xd:latencyEstimates xd:best-case="1" xd:worst-case="1" xd:average-case="1"/>
  <xd:resourceEstimates xd:LUT="408" xd:FF="785" xd:BRAM="0" xd:DSP="0"/>
</xd:acceleratorMap>
