<?xml version="1.0" encoding="utf-8"?>
<xd:acceleratorMap xmlns:xd="http://www.xilinx.com/xidane" xd:functionName="CcrfSubtaskDispatcher" xd:componentRef="CcrfSubtaskDispatcher" xd:initiationInterval="3" xd:clockPeriod="10.000" xd:sequential="true" xd:hostMachine="64" xd:reset="control">
  <xd:controlReg xd:name="control" xd:interfaceRef="ap_ctrl" xd:busTypeRef="acc_handshake" xd:type="acc_handshake"/>
  <xd:arg xd:name="dispatcher_stream.input1" xd:originalName="dispatcher_stream" xd:direction="in" xd:interfaceRef="dispatcher_stream_V" xd:busTypeRef="axis" xd:dataPack="true" xd:bitMapping="63:0" xd:dataWidth="64"/>
  <xd:arg xd:name="dispatcher_stream.input2" xd:originalName="dispatcher_stream" xd:direction="in" xd:interfaceRef="dispatcher_stream_V" xd:busTypeRef="axis" xd:dataPack="true" xd:bitMapping="127:64" xd:dataWidth="64"/>
  <xd:arg xd:name="dispatcher_stream.output" xd:originalName="dispatcher_stream" xd:direction="in" xd:interfaceRef="dispatcher_stream_V" xd:busTypeRef="axis" xd:dataPack="true" xd:bitMapping="191:128" xd:dataWidth="64"/>
  <xd:arg xd:name="dispatcher_stream.image_size" xd:originalName="dispatcher_stream" xd:direction="in" xd:interfaceRef="dispatcher_stream_V" xd:busTypeRef="axis" xd:dataPack="true" xd:bitMapping="223:192" xd:dataWidth="32"/>
  <xd:arg xd:name="dispatcher_stream.job_ID" xd:originalName="dispatcher_stream" xd:direction="in" xd:interfaceRef="dispatcher_stream_V" xd:busTypeRef="axis" xd:dataPack="true" xd:bitMapping="231:224" xd:dataWidth="8"/>
  <xd:arg xd:name="ccrf_unit_status_signals[0].job_info.input1" xd:originalName="ccrf_unit_status_signals0" xd:direction="in" xd:interfaceRef="ccrf_unit_status_signals_0" xd:busTypeRef="register" xd:handshakeRef="ap_none" xd:dataPack="true" xd:bitMapping="63:0" xd:arraySize="1" xd:dataWidth="64"/>
  <xd:arg xd:name="ccrf_unit_status_signals[0].job_info.input2" xd:originalName="ccrf_unit_status_signals0" xd:direction="in" xd:interfaceRef="ccrf_unit_status_signals_0" xd:busTypeRef="register" xd:handshakeRef="ap_none" xd:dataPack="true" xd:bitMapping="127:64" xd:arraySize="1" xd:dataWidth="64"/>
  <xd:arg xd:name="ccrf_unit_status_signals[0].job_info.output" xd:originalName="ccrf_unit_status_signals0" xd:direction="in" xd:interfaceRef="ccrf_unit_status_signals_0" xd:busTypeRef="register" xd:handshakeRef="ap_none" xd:dataPack="true" xd:bitMapping="191:128" xd:arraySize="1" xd:dataWidth="64"/>
  <xd:arg xd:name="ccrf_unit_status_signals[0].job_info.image_size" xd:originalName="ccrf_unit_status_signals0" xd:direction="in" xd:interfaceRef="ccrf_unit_status_signals_0" xd:busTypeRef="register" xd:handshakeRef="ap_none" xd:dataPack="true" xd:bitMapping="223:192" xd:arraySize="1" xd:dataWidth="32"/>
  <xd:arg xd:name="ccrf_unit_status_signals[0].job_info.job_ID" xd:originalName="ccrf_unit_status_signals0" xd:direction="in" xd:interfaceRef="ccrf_unit_status_signals_0" xd:busTypeRef="register" xd:handshakeRef="ap_none" xd:dataPack="true" xd:bitMapping="231:224" xd:arraySize="1" xd:dataWidth="8"/>
  <xd:arg xd:name="ccrf_unit_status_signals[0].is_processing" xd:originalName="ccrf_unit_status_signals0" xd:direction="in" xd:interfaceRef="ccrf_unit_status_signals_0" xd:busTypeRef="register" xd:handshakeRef="ap_none" xd:dataPack="true" xd:bitMapping="232:232" xd:arraySize="1" xd:dataWidth="1"/>
  <xd:arg xd:name="ccrf_unit_status_signals[0].running" xd:originalName="ccrf_unit_status_signals0" xd:direction="in" xd:interfaceRef="ccrf_unit_status_signals_0" xd:busTypeRef="register" xd:handshakeRef="ap_none" xd:dataPack="true" xd:bitMapping="233:233" xd:arraySize="1" xd:dataWidth="1"/>
  <xd:arg xd:name="subtask_to_ccrf_queues[0].input1" xd:originalName="subtask_to_ccrf_queues0" xd:direction="out" xd:interfaceRef="subtask_to_ccrf_queues_V_0" xd:busTypeRef="axis" xd:dataPack="true" xd:bitMapping="63:0" xd:arraySize="1" xd:dataWidth="64"/>
  <xd:arg xd:name="subtask_to_ccrf_queues[0].input2" xd:originalName="subtask_to_ccrf_queues0" xd:direction="out" xd:interfaceRef="subtask_to_ccrf_queues_V_0" xd:busTypeRef="axis" xd:dataPack="true" xd:bitMapping="127:64" xd:arraySize="1" xd:dataWidth="64"/>
  <xd:arg xd:name="subtask_to_ccrf_queues[0].output" xd:originalName="subtask_to_ccrf_queues0" xd:direction="out" xd:interfaceRef="subtask_to_ccrf_queues_V_0" xd:busTypeRef="axis" xd:dataPack="true" xd:bitMapping="191:128" xd:arraySize="1" xd:dataWidth="64"/>
  <xd:arg xd:name="subtask_to_ccrf_queues[0].image_size" xd:originalName="subtask_to_ccrf_queues0" xd:direction="out" xd:interfaceRef="subtask_to_ccrf_queues_V_0" xd:busTypeRef="axis" xd:dataPack="true" xd:bitMapping="223:192" xd:arraySize="1" xd:dataWidth="32"/>
  <xd:arg xd:name="subtask_to_ccrf_queues[0].job_ID" xd:originalName="subtask_to_ccrf_queues0" xd:direction="out" xd:interfaceRef="subtask_to_ccrf_queues_V_0" xd:busTypeRef="axis" xd:dataPack="true" xd:bitMapping="231:224" xd:arraySize="1" xd:dataWidth="8"/>
  <xd:arg xd:name="ccrf_subtask_dispatcher_got_data" xd:originalName="ccrf_subtask_dispatcher_got_data" xd:direction="out" xd:interfaceRef="ccrf_subtask_dispatcher_got_data" xd:busTypeRef="register" xd:handshakeRef="ap_vld" xd:dataWidth="1"/>
  <xd:latencyEstimates xd:best-case="1" xd:worst-case="2" xd:average-case="2"/>
  <xd:resourceEstimates xd:LUT="2354" xd:FF="248" xd:BRAM="0" xd:DSP="0"/>
</xd:acceleratorMap>
