<?xml version="1.0" encoding="utf-8"?>
<xd:acceleratorMap xmlns:xd="http://www.xilinx.com/xidane" xd:functionName="Run_CCRF" xd:componentRef="Run_CCRF" xd:initiationInterval="2" xd:clockPeriod="10.000" xd:sequential="true" xd:hostMachine="64" xd:reset="control">
  <xd:arg xd:name="status_signals.job_info.input1" xd:originalName="status_signals" xd:direction="out" xd:interfaceRef="status_signals" xd:busTypeRef="register" xd:handshakeRef="ap_none" xd:dataPack="true" xd:bitMapping="63:0" xd:dataWidth="64"/>
  <xd:arg xd:name="status_signals.job_info.input2" xd:originalName="status_signals" xd:direction="out" xd:interfaceRef="status_signals" xd:busTypeRef="register" xd:handshakeRef="ap_none" xd:dataPack="true" xd:bitMapping="127:64" xd:dataWidth="64"/>
  <xd:arg xd:name="status_signals.job_info.output" xd:originalName="status_signals" xd:direction="out" xd:interfaceRef="status_signals" xd:busTypeRef="register" xd:handshakeRef="ap_none" xd:dataPack="true" xd:bitMapping="191:128" xd:dataWidth="64"/>
  <xd:arg xd:name="status_signals.job_info.image_size" xd:originalName="status_signals" xd:direction="out" xd:interfaceRef="status_signals" xd:busTypeRef="register" xd:handshakeRef="ap_none" xd:dataPack="true" xd:bitMapping="223:192" xd:dataWidth="32"/>
  <xd:arg xd:name="status_signals.job_info.job_ID" xd:originalName="status_signals" xd:direction="out" xd:interfaceRef="status_signals" xd:busTypeRef="register" xd:handshakeRef="ap_none" xd:dataPack="true" xd:bitMapping="231:224" xd:dataWidth="8"/>
  <xd:arg xd:name="status_signals.is_processing" xd:originalName="status_signals" xd:direction="out" xd:interfaceRef="status_signals" xd:busTypeRef="register" xd:handshakeRef="ap_none" xd:dataPack="true" xd:bitMapping="232:232" xd:dataWidth="1"/>
  <xd:arg xd:name="status_signals.running" xd:originalName="status_signals" xd:direction="out" xd:interfaceRef="status_signals" xd:busTypeRef="register" xd:handshakeRef="ap_none" xd:dataPack="true" xd:bitMapping="233:233" xd:dataWidth="1"/>
  <xd:arg xd:name="input_subtask_queue.input1" xd:originalName="input_subtask_queue" xd:direction="in" xd:interfaceRef="input_subtask_queue_V" xd:busTypeRef="axis" xd:dataPack="true" xd:bitMapping="63:0" xd:dataWidth="64"/>
  <xd:arg xd:name="input_subtask_queue.input2" xd:originalName="input_subtask_queue" xd:direction="in" xd:interfaceRef="input_subtask_queue_V" xd:busTypeRef="axis" xd:dataPack="true" xd:bitMapping="127:64" xd:dataWidth="64"/>
  <xd:arg xd:name="input_subtask_queue.output" xd:originalName="input_subtask_queue" xd:direction="in" xd:interfaceRef="input_subtask_queue_V" xd:busTypeRef="axis" xd:dataPack="true" xd:bitMapping="191:128" xd:dataWidth="64"/>
  <xd:arg xd:name="input_subtask_queue.image_size" xd:originalName="input_subtask_queue" xd:direction="in" xd:interfaceRef="input_subtask_queue_V" xd:busTypeRef="axis" xd:dataPack="true" xd:bitMapping="223:192" xd:dataWidth="32"/>
  <xd:arg xd:name="input_subtask_queue.job_ID" xd:originalName="input_subtask_queue" xd:direction="in" xd:interfaceRef="input_subtask_queue_V" xd:busTypeRef="axis" xd:dataPack="true" xd:bitMapping="231:224" xd:dataWidth="8"/>
  <xd:arg xd:name="output_subtask_queue" xd:originalName="output_subtask_queue" xd:direction="out" xd:interfaceRef="output_subtask_queue_V" xd:busTypeRef="axis" xd:dataWidth="64"/>
  <xd:arg xd:name="job_info_out.input1" xd:originalName="job_info_out" xd:direction="out" xd:interfaceRef="job_info_out" xd:busTypeRef="register" xd:handshakeRef="ap_none" xd:dataPack="true" xd:bitMapping="63:0" xd:dataWidth="64"/>
  <xd:arg xd:name="job_info_out.input2" xd:originalName="job_info_out" xd:direction="out" xd:interfaceRef="job_info_out" xd:busTypeRef="register" xd:handshakeRef="ap_none" xd:dataPack="true" xd:bitMapping="127:64" xd:dataWidth="64"/>
  <xd:arg xd:name="job_info_out.output" xd:originalName="job_info_out" xd:direction="out" xd:interfaceRef="job_info_out" xd:busTypeRef="register" xd:handshakeRef="ap_none" xd:dataPack="true" xd:bitMapping="191:128" xd:dataWidth="64"/>
  <xd:arg xd:name="job_info_out.image_size" xd:originalName="job_info_out" xd:direction="out" xd:interfaceRef="job_info_out" xd:busTypeRef="register" xd:handshakeRef="ap_none" xd:dataPack="true" xd:bitMapping="223:192" xd:dataWidth="32"/>
  <xd:arg xd:name="job_info_out.job_ID" xd:originalName="job_info_out" xd:direction="out" xd:interfaceRef="job_info_out" xd:busTypeRef="register" xd:handshakeRef="ap_none" xd:dataPack="true" xd:bitMapping="231:224" xd:dataWidth="8"/>
  <xd:arg xd:name="job_valid" xd:originalName="job_valid" xd:direction="out" xd:interfaceRef="job_valid" xd:busTypeRef="register" xd:handshakeRef="ap_none" xd:dataWidth="1"/>
  <xd:arg xd:name="job_done" xd:originalName="job_done" xd:direction="in" xd:interfaceRef="job_done" xd:busTypeRef="register" xd:handshakeRef="ap_none" xd:dataWidth="1"/>
  <xd:arg xd:name="ccrf_got_data" xd:originalName="ccrf_got_data" xd:direction="out" xd:interfaceRef="ccrf_got_data" xd:busTypeRef="register" xd:handshakeRef="ap_none" xd:dataWidth="1"/>
  <xd:arg xd:name="ccrf_sent_data" xd:originalName="ccrf_sent_data" xd:direction="out" xd:interfaceRef="ccrf_sent_data" xd:busTypeRef="register" xd:handshakeRef="ap_none" xd:dataWidth="1"/>
  <xd:latencyEstimates xd:best-case="1" xd:worst-case="1" xd:average-case="1"/>
  <xd:resourceEstimates xd:LUT="138" xd:FF="707" xd:BRAM="0" xd:DSP="0"/>
</xd:acceleratorMap>
