<?xml version="1.0" encoding="utf-8"?>
<xd:acceleratorMap xmlns:xd="http://www.xilinx.com/xidane" xd:functionName="CcrfWrapper" xd:componentRef="CcrfWrapper" xd:initiationInterval="x" xd:clockPeriod="10.000" xd:sequential="true" xd:hostMachine="64" xd:reset="control">
  <xd:controlReg xd:name="control" xd:interfaceRef="ap_ctrl" xd:busTypeRef="acc_handshake" xd:type="acc_handshake"/>
  <xd:arg xd:name="incoming_job_requests.job_descriptor.OUTPUT_IMAGE_LOCATION" xd:originalName="incoming_job_requests" xd:direction="in" xd:interfaceRef="incoming_job_requests_V" xd:busTypeRef="axis" xd:dataPack="true" xd:bitMapping="63:0" xd:dataWidth="64"/>
  <xd:arg xd:name="incoming_job_requests.job_descriptor.INPUT_IMAGES[0]" xd:originalName="incoming_job_requests" xd:direction="in" xd:interfaceRef="incoming_job_requests_V" xd:busTypeRef="axis" xd:dataPack="true" xd:bitMapping="127:64" xd:dataWidth="64"/>
  <xd:arg xd:name="incoming_job_requests.job_descriptor.INPUT_IMAGES[1]" xd:originalName="incoming_job_requests" xd:direction="in" xd:interfaceRef="incoming_job_requests_V" xd:busTypeRef="axis" xd:dataPack="true" xd:bitMapping="191:128" xd:dataWidth="64"/>
  <xd:arg xd:name="incoming_job_requests.job_descriptor.INPUT_IMAGES[2]" xd:originalName="incoming_job_requests" xd:direction="in" xd:interfaceRef="incoming_job_requests_V" xd:busTypeRef="axis" xd:dataPack="true" xd:bitMapping="255:192" xd:dataWidth="64"/>
  <xd:arg xd:name="incoming_job_requests.job_descriptor.INPUT_IMAGES[3]" xd:originalName="incoming_job_requests" xd:direction="in" xd:interfaceRef="incoming_job_requests_V" xd:busTypeRef="axis" xd:dataPack="true" xd:bitMapping="319:256" xd:dataWidth="64"/>
  <xd:arg xd:name="incoming_job_requests.job_descriptor.INPUT_IMAGES[4]" xd:originalName="incoming_job_requests" xd:direction="in" xd:interfaceRef="incoming_job_requests_V" xd:busTypeRef="axis" xd:dataPack="true" xd:bitMapping="383:320" xd:dataWidth="64"/>
  <xd:arg xd:name="incoming_job_requests.job_descriptor.INPUT_IMAGES[5]" xd:originalName="incoming_job_requests" xd:direction="in" xd:interfaceRef="incoming_job_requests_V" xd:busTypeRef="axis" xd:dataPack="true" xd:bitMapping="447:384" xd:dataWidth="64"/>
  <xd:arg xd:name="incoming_job_requests.job_descriptor.IMAGE_WIDTH" xd:originalName="incoming_job_requests" xd:direction="in" xd:interfaceRef="incoming_job_requests_V" xd:busTypeRef="axis" xd:dataPack="true" xd:bitMapping="463:448" xd:dataWidth="16"/>
  <xd:arg xd:name="incoming_job_requests.job_descriptor.IMAGE_HEIGHT" xd:originalName="incoming_job_requests" xd:direction="in" xd:interfaceRef="incoming_job_requests_V" xd:busTypeRef="axis" xd:dataPack="true" xd:bitMapping="479:464" xd:dataWidth="16"/>
  <xd:arg xd:name="incoming_job_requests.job_descriptor.LDR_IMAGE_COUNT" xd:originalName="incoming_job_requests" xd:direction="in" xd:interfaceRef="incoming_job_requests_V" xd:busTypeRef="axis" xd:dataPack="true" xd:bitMapping="487:480" xd:dataWidth="8"/>
  <xd:arg xd:name="incoming_job_requests.job_ID" xd:originalName="incoming_job_requests" xd:direction="in" xd:interfaceRef="incoming_job_requests_V" xd:busTypeRef="axis" xd:dataPack="true" xd:bitMapping="495:488" xd:dataWidth="8"/>
  <xd:arg xd:name="response_message_queue_axi.data" xd:originalName="response_message_queue_axi" xd:direction="out" xd:interfaceRef="response_message_queue_axi_V" xd:busTypeRef="axis" xd:dataPack="true" xd:bitMapping="15:0" xd:dataWidth="16"/>
  <xd:arg xd:name="response_message_queue_axi.keep" xd:originalName="response_message_queue_axi" xd:direction="out" xd:interfaceRef="response_message_queue_axi_V" xd:busTypeRef="axis" xd:dataPack="true" xd:bitMapping="17:16" xd:dataWidth="2"/>
  <xd:arg xd:name="response_message_queue_axi.strb" xd:originalName="response_message_queue_axi" xd:direction="out" xd:interfaceRef="response_message_queue_axi_V" xd:busTypeRef="axis" xd:dataPack="true" xd:bitMapping="19:18" xd:dataWidth="2"/>
  <xd:arg xd:name="response_message_queue_axi.user" xd:originalName="response_message_queue_axi" xd:direction="out" xd:interfaceRef="response_message_queue_axi_V" xd:busTypeRef="axis" xd:dataPack="true" xd:bitMapping="20:20" xd:dataWidth="1"/>
  <xd:arg xd:name="response_message_queue_axi.last" xd:originalName="response_message_queue_axi" xd:direction="out" xd:interfaceRef="response_message_queue_axi_V" xd:busTypeRef="axis" xd:dataPack="true" xd:bitMapping="21:21" xd:dataWidth="1"/>
  <xd:arg xd:name="response_message_queue_axi.id" xd:originalName="response_message_queue_axi" xd:direction="out" xd:interfaceRef="response_message_queue_axi_V" xd:busTypeRef="axis" xd:dataPack="true" xd:bitMapping="22:22" xd:dataWidth="1"/>
  <xd:arg xd:name="response_message_queue_axi.dest" xd:originalName="response_message_queue_axi" xd:direction="out" xd:interfaceRef="response_message_queue_axi_V" xd:busTypeRef="axis" xd:dataPack="true" xd:bitMapping="23:23" xd:dataWidth="1"/>
  <xd:latencyEstimates xd:best-case="undef" xd:worst-case="undef" xd:average-case="undef"/>
  <xd:resourceEstimates xd:LUT="7064" xd:FF="3149" xd:BRAM="54" xd:DSP="1"/>
</xd:acceleratorMap>
