<?xml version="1.0" encoding="utf-8"?>
<xd:acceleratorMap xmlns:xd="http://www.xilinx.com/xidane" xd:functionName="JobResultNotifier" xd:componentRef="JobResultNotifier" xd:initiationInterval="x" xd:clockPeriod="10.000" xd:sequential="true" xd:hostMachine="64" xd:reset="control">
  <xd:controlReg xd:name="control" xd:interfaceRef="ap_ctrl" xd:busTypeRef="acc_handshake" xd:type="acc_handshake"/>
  <xd:arg xd:name="completed_job_queue.output_address" xd:originalName="completed_job_queue" xd:direction="out" xd:interfaceRef="completed_job_queue_V" xd:busTypeRef="axis" xd:dataPack="true" xd:bitMapping="63:0" xd:dataWidth="64"/>
  <xd:arg xd:name="completed_job_queue.job_ID" xd:originalName="completed_job_queue" xd:direction="out" xd:interfaceRef="completed_job_queue_V" xd:busTypeRef="axis" xd:dataPack="true" xd:bitMapping="71:64" xd:dataWidth="8"/>
  <xd:arg xd:name="completed_job_queue.image_size" xd:originalName="completed_job_queue" xd:direction="out" xd:interfaceRef="completed_job_queue_V" xd:busTypeRef="axis" xd:dataPack="true" xd:bitMapping="103:72" xd:dataWidth="32"/>
  <xd:arg xd:name="jobs_in_progress.output_address" xd:originalName="jobs_in_progress" xd:direction="in" xd:interfaceRef="jobs_in_progress_V" xd:busTypeRef="axis" xd:dataPack="true" xd:bitMapping="63:0" xd:dataWidth="64"/>
  <xd:arg xd:name="jobs_in_progress.job_ID" xd:originalName="jobs_in_progress" xd:direction="in" xd:interfaceRef="jobs_in_progress_V" xd:busTypeRef="axis" xd:dataPack="true" xd:bitMapping="71:64" xd:dataWidth="8"/>
  <xd:arg xd:name="jobs_in_progress.image_size" xd:originalName="jobs_in_progress" xd:direction="in" xd:interfaceRef="jobs_in_progress_V" xd:busTypeRef="axis" xd:dataPack="true" xd:bitMapping="103:72" xd:dataWidth="32"/>
  <xd:arg xd:name="completed_queues_from_ccrf_units[0]" xd:originalName="completed_queues_from_ccrf_units0" xd:direction="in" xd:interfaceRef="completed_queues_from_ccrf_units_0_V" xd:busTypeRef="axis" xd:arraySize="1" xd:dataWidth="64"/>
  <xd:arg xd:name="job_result_notifier_job_in_progress" xd:originalName="job_result_notifier_job_in_progress" xd:direction="out" xd:interfaceRef="job_result_notifier_job_in_progress" xd:busTypeRef="register" xd:handshakeRef="ap_none" xd:dataWidth="1"/>
  <xd:arg xd:name="job_result_notifier_completed_job_queue" xd:originalName="job_result_notifier_completed_job_queue" xd:direction="out" xd:interfaceRef="job_result_notifier_completed_job_queue" xd:busTypeRef="register" xd:handshakeRef="ap_none" xd:dataWidth="1"/>
  <xd:latencyEstimates xd:best-case="undef" xd:worst-case="undef" xd:average-case="undef"/>
  <xd:resourceEstimates xd:LUT="241" xd:FF="143" xd:BRAM="0" xd:DSP="0"/>
</xd:acceleratorMap>
