<?xml version="1.0" encoding="UTF-8"?>
<!-- Product Version: Vivado v2017.4 (64-bit)                     -->
<!--                                                              -->
<!-- Copyright 1986-2017 Xilinx, Inc. All Rights Reserved.        -->

<hwsession version="1" minor="2">
  <device name="xczu19_0" gui_info="dashboard1=hw_ila_1[xczu19_0/hw_ila_1/Waveform=ILA_WAVE_1;xczu19_0/hw_ila_1/Capture Setup=ILA_CAPTURE_1;xczu19_0/hw_ila_1/Status=ILA_STATUS_1;xczu19_0/hw_ila_1/Settings=ILA_SETTINGS_1;xczu19_0/hw_ila_1/Trigger Setup=ILA_TRIGGER_1;],dashboard2=hw_ila_2[xczu19_0/hw_ila_2/Settings=ILA_SETTINGS_1;xczu19_0/hw_ila_2/Capture Setup=ILA_CAPTURE_1;xczu19_0/hw_ila_2/Status=ILA_STATUS_1;xczu19_0/hw_ila_2/Trigger Setup=ILA_TRIGGER_1;xczu19_0/hw_ila_2/Waveform=ILA_WAVE_1;]"/>
  <ObjectList object_type="hw_device" gui_info="">
    <Object name="xczu19_0" gui_info="">
      <Properties Property="FULL_PROBES.FILE" value="$_project_name_.runs/impl_1/design_1_wrapper.ltx"/>
      <Properties Property="PROBES.FILE" value="$_project_name_.runs/impl_1/design_1_wrapper.ltx"/>
      <Properties Property="PROGRAM.HW_BITSTREAM" value="$_project_name_.runs/impl_1/design_1_wrapper.bit"/>
      <Properties Property="SLR.COUNT" value="/home/shencl1/Desktop/1"/>
    </Object>
  </ObjectList>
  <ObjectList object_type="hw_ila" gui_info="">
    <Object name="" gui_info="">
      <Properties Property="CONTROL.TRIGGER_CONDITION" value="AND"/>
      <Properties Property="CORE_REFRESH_RATE_MS" value="500"/>
    </Object>
    <Object name="design_1_i/ila_0" gui_info="">
      <Properties Property="CONTROL.TRIGGER_CONDITION" value="AND"/>
      <Properties Property="CORE_REFRESH_RATE_MS" value="500"/>
    </Object>
    <Object name="design_1_i/ila_1" gui_info="">
      <Properties Property="CONTROL.TRIGGER_CONDITION" value="AND"/>
      <Properties Property="CORE_REFRESH_RATE_MS" value="500"/>
    </Object>
  </ObjectList>
  <ObjectList object_type="hw_probe" gui_info="">
    <Object name="design_1_i/ps8_0_axi_periph_M00_AXI_ARVALID" gui_info=""/>
    <Object name="design_1_i/ps8_0_axi_periph_M00_AXI_AWVALID" gui_info=""/>
    <Object name="design_1_i/ps8_0_axi_periph_M00_AXI_RVALID" gui_info=""/>
    <Object name="design_1_i/ps8_0_axi_periph_M00_AXI_WDATA[31:0]" gui_info=""/>
    <Object name="design_1_i/ps8_0_axi_periph_M00_AXI_WVALID" gui_info="Trigger Setup=0"/>
  </ObjectList>
  <probeset name="hw project" active="false">
    <probe type="ila" busType="net" source="netlist" spec="ILA_V2_RT">
      <probeOptions Id="DebugProbeParams">
        <Option Id="CAPTURE_COMPARE_VALUE" value="eq1&apos;bX"/>
        <Option Id="COMPARE_VALUE.0" value="eq1&apos;bX"/>
        <Option Id="DISPLAY_AS_ENUM" value="1"/>
        <Option Id="DISPLAY_HINT" value=""/>
        <Option Id="DISPLAY_RADIX" value="HEX"/>
        <Option Id="DISPLAY_VISIBILITY" value=""/>
        <Option Id="HW_ILA" value="hw_ila_2"/>
        <Option Id="LINK_TO_WAVEFORM" value="1"/>
        <Option Id="MAP" value="probe8[0]"/>
        <Option Id="NAME.CUSTOM" value=""/>
        <Option Id="NAME.SELECT" value="Long"/>
        <Option Id="SOURCE" value="netlist"/>
        <Option Id="TRIGGER_COMPARE_VALUE" value="eq1&apos;bX"/>
        <Option Id="WAVEFORM_STYLE" value="Digital"/>
      </probeOptions>
      <nets>
        <net name="design_1_i/&lt;const0>"/>
      </nets>
    </probe>
    <probe type="ila" busType="net" source="netlist" spec="ILA_V2_RT">
      <probeOptions Id="DebugProbeParams">
        <Option Id="CAPTURE_COMPARE_VALUE" value="eq1&apos;bX"/>
        <Option Id="COMPARE_VALUE.0" value="eq1&apos;bX"/>
        <Option Id="DISPLAY_AS_ENUM" value="1"/>
        <Option Id="DISPLAY_HINT" value=""/>
        <Option Id="DISPLAY_RADIX" value="HEX"/>
        <Option Id="DISPLAY_VISIBILITY" value=""/>
        <Option Id="HW_ILA" value="hw_ila_2"/>
        <Option Id="LINK_TO_WAVEFORM" value="1"/>
        <Option Id="MAP" value="probe5[0]"/>
        <Option Id="NAME.CUSTOM" value=""/>
        <Option Id="NAME.SELECT" value="Long"/>
        <Option Id="SOURCE" value="netlist"/>
        <Option Id="TRIGGER_COMPARE_VALUE" value="eq1&apos;bX"/>
        <Option Id="WAVEFORM_STYLE" value="Digital"/>
      </probeOptions>
      <nets>
        <net name="design_1_i/&lt;const0>_1"/>
      </nets>
    </probe>
    <probe type="ila" busType="net" source="netlist" spec="ILA_V2_RT">
      <probeOptions Id="DebugProbeParams">
        <Option Id="CAPTURE_COMPARE_VALUE" value="eq1&apos;bX"/>
        <Option Id="COMPARE_VALUE.0" value="eq1&apos;bX"/>
        <Option Id="DISPLAY_AS_ENUM" value="1"/>
        <Option Id="DISPLAY_HINT" value=""/>
        <Option Id="DISPLAY_RADIX" value="HEX"/>
        <Option Id="DISPLAY_VISIBILITY" value=""/>
        <Option Id="HW_ILA" value="hw_ila_2"/>
        <Option Id="LINK_TO_WAVEFORM" value="1"/>
        <Option Id="MAP" value="probe7[0]"/>
        <Option Id="NAME.CUSTOM" value=""/>
        <Option Id="NAME.SELECT" value="Long"/>
        <Option Id="SOURCE" value="netlist"/>
        <Option Id="TRIGGER_COMPARE_VALUE" value="eq1&apos;bX"/>
        <Option Id="WAVEFORM_STYLE" value="Digital"/>
      </probeOptions>
      <nets>
        <net name="design_1_i/&lt;const0>_2"/>
      </nets>
    </probe>
    <probe type="ila" busType="net" source="netlist" spec="ILA_V2_RT">
      <probeOptions Id="DebugProbeParams">
        <Option Id="CAPTURE_COMPARE_VALUE" value="eq1&apos;bX"/>
        <Option Id="COMPARE_VALUE.0" value="eq1&apos;bX"/>
        <Option Id="DISPLAY_AS_ENUM" value="1"/>
        <Option Id="DISPLAY_HINT" value=""/>
        <Option Id="DISPLAY_RADIX" value="HEX"/>
        <Option Id="DISPLAY_VISIBILITY" value=""/>
        <Option Id="HW_ILA" value="hw_ila_2"/>
        <Option Id="LINK_TO_WAVEFORM" value="1"/>
        <Option Id="MAP" value="probe2[15]"/>
        <Option Id="NAME.CUSTOM" value=""/>
        <Option Id="NAME.SELECT" value="Long"/>
        <Option Id="SOURCE" value="netlist"/>
        <Option Id="TRIGGER_COMPARE_VALUE" value="eq1&apos;bX"/>
        <Option Id="WAVEFORM_STYLE" value="Digital"/>
      </probeOptions>
      <nets>
        <net name="design_1_i/&lt;const1>"/>
      </nets>
    </probe>
    <probe type="ila" busType="net" source="netlist" spec="ILA_V2_RT">
      <probeOptions Id="DebugProbeParams">
        <Option Id="CAPTURE_COMPARE_VALUE" value="eq1&apos;bX"/>
        <Option Id="COMPARE_VALUE.0" value="eq1&apos;bX"/>
        <Option Id="DISPLAY_AS_ENUM" value="1"/>
        <Option Id="DISPLAY_HINT" value=""/>
        <Option Id="DISPLAY_RADIX" value="HEX"/>
        <Option Id="DISPLAY_VISIBILITY" value=""/>
        <Option Id="HW_ILA" value="hw_ila_2"/>
        <Option Id="LINK_TO_WAVEFORM" value="1"/>
        <Option Id="MAP" value="probe2[0]"/>
        <Option Id="NAME.CUSTOM" value=""/>
        <Option Id="NAME.SELECT" value="Long"/>
        <Option Id="SOURCE" value="netlist"/>
        <Option Id="TRIGGER_COMPARE_VALUE" value="eq1&apos;bX"/>
        <Option Id="WAVEFORM_STYLE" value="Digital"/>
      </probeOptions>
      <nets>
        <net name="design_1_i/&lt;const1>_1"/>
      </nets>
    </probe>
    <probe type="ila" busType="net" source="netlist" spec="ILA_V2_RT">
      <probeOptions Id="DebugProbeParams">
        <Option Id="CAPTURE_COMPARE_VALUE" value="eq1&apos;bX"/>
        <Option Id="COMPARE_VALUE.0" value="eq1&apos;bX"/>
        <Option Id="DISPLAY_AS_ENUM" value="1"/>
        <Option Id="DISPLAY_HINT" value=""/>
        <Option Id="DISPLAY_RADIX" value="HEX"/>
        <Option Id="DISPLAY_VISIBILITY" value=""/>
        <Option Id="HW_ILA" value="hw_ila_2"/>
        <Option Id="LINK_TO_WAVEFORM" value="1"/>
        <Option Id="MAP" value="probe2[9]"/>
        <Option Id="NAME.CUSTOM" value=""/>
        <Option Id="NAME.SELECT" value="Long"/>
        <Option Id="SOURCE" value="netlist"/>
        <Option Id="TRIGGER_COMPARE_VALUE" value="eq1&apos;bX"/>
        <Option Id="WAVEFORM_STYLE" value="Digital"/>
      </probeOptions>
      <nets>
        <net name="design_1_i/&lt;const1>_10"/>
      </nets>
    </probe>
    <probe type="ila" busType="net" source="netlist" spec="ILA_V2_RT">
      <probeOptions Id="DebugProbeParams">
        <Option Id="CAPTURE_COMPARE_VALUE" value="eq1&apos;bX"/>
        <Option Id="COMPARE_VALUE.0" value="eq1&apos;bX"/>
        <Option Id="DISPLAY_AS_ENUM" value="1"/>
        <Option Id="DISPLAY_HINT" value=""/>
        <Option Id="DISPLAY_RADIX" value="HEX"/>
        <Option Id="DISPLAY_VISIBILITY" value=""/>
        <Option Id="HW_ILA" value="hw_ila_2"/>
        <Option Id="LINK_TO_WAVEFORM" value="1"/>
        <Option Id="MAP" value="probe2[10]"/>
        <Option Id="NAME.CUSTOM" value=""/>
        <Option Id="NAME.SELECT" value="Long"/>
        <Option Id="SOURCE" value="netlist"/>
        <Option Id="TRIGGER_COMPARE_VALUE" value="eq1&apos;bX"/>
        <Option Id="WAVEFORM_STYLE" value="Digital"/>
      </probeOptions>
      <nets>
        <net name="design_1_i/&lt;const1>_11"/>
      </nets>
    </probe>
    <probe type="ila" busType="net" source="netlist" spec="ILA_V2_RT">
      <probeOptions Id="DebugProbeParams">
        <Option Id="CAPTURE_COMPARE_VALUE" value="eq1&apos;bX"/>
        <Option Id="COMPARE_VALUE.0" value="eq1&apos;bX"/>
        <Option Id="DISPLAY_AS_ENUM" value="1"/>
        <Option Id="DISPLAY_HINT" value=""/>
        <Option Id="DISPLAY_RADIX" value="HEX"/>
        <Option Id="DISPLAY_VISIBILITY" value=""/>
        <Option Id="HW_ILA" value="hw_ila_2"/>
        <Option Id="LINK_TO_WAVEFORM" value="1"/>
        <Option Id="MAP" value="probe2[11]"/>
        <Option Id="NAME.CUSTOM" value=""/>
        <Option Id="NAME.SELECT" value="Long"/>
        <Option Id="SOURCE" value="netlist"/>
        <Option Id="TRIGGER_COMPARE_VALUE" value="eq1&apos;bX"/>
        <Option Id="WAVEFORM_STYLE" value="Digital"/>
      </probeOptions>
      <nets>
        <net name="design_1_i/&lt;const1>_12"/>
      </nets>
    </probe>
    <probe type="ila" busType="net" source="netlist" spec="ILA_V2_RT">
      <probeOptions Id="DebugProbeParams">
        <Option Id="CAPTURE_COMPARE_VALUE" value="eq1&apos;bX"/>
        <Option Id="COMPARE_VALUE.0" value="eq1&apos;bX"/>
        <Option Id="DISPLAY_AS_ENUM" value="1"/>
        <Option Id="DISPLAY_HINT" value=""/>
        <Option Id="DISPLAY_RADIX" value="HEX"/>
        <Option Id="DISPLAY_VISIBILITY" value=""/>
        <Option Id="HW_ILA" value="hw_ila_2"/>
        <Option Id="LINK_TO_WAVEFORM" value="1"/>
        <Option Id="MAP" value="probe2[12]"/>
        <Option Id="NAME.CUSTOM" value=""/>
        <Option Id="NAME.SELECT" value="Long"/>
        <Option Id="SOURCE" value="netlist"/>
        <Option Id="TRIGGER_COMPARE_VALUE" value="eq1&apos;bX"/>
        <Option Id="WAVEFORM_STYLE" value="Digital"/>
      </probeOptions>
      <nets>
        <net name="design_1_i/&lt;const1>_13"/>
      </nets>
    </probe>
    <probe type="ila" busType="net" source="netlist" spec="ILA_V2_RT">
      <probeOptions Id="DebugProbeParams">
        <Option Id="CAPTURE_COMPARE_VALUE" value="eq1&apos;bX"/>
        <Option Id="COMPARE_VALUE.0" value="eq1&apos;bX"/>
        <Option Id="DISPLAY_AS_ENUM" value="1"/>
        <Option Id="DISPLAY_HINT" value=""/>
        <Option Id="DISPLAY_RADIX" value="HEX"/>
        <Option Id="DISPLAY_VISIBILITY" value=""/>
        <Option Id="HW_ILA" value="hw_ila_2"/>
        <Option Id="LINK_TO_WAVEFORM" value="1"/>
        <Option Id="MAP" value="probe2[13]"/>
        <Option Id="NAME.CUSTOM" value=""/>
        <Option Id="NAME.SELECT" value="Long"/>
        <Option Id="SOURCE" value="netlist"/>
        <Option Id="TRIGGER_COMPARE_VALUE" value="eq1&apos;bX"/>
        <Option Id="WAVEFORM_STYLE" value="Digital"/>
      </probeOptions>
      <nets>
        <net name="design_1_i/&lt;const1>_14"/>
      </nets>
    </probe>
    <probe type="ila" busType="net" source="netlist" spec="ILA_V2_RT">
      <probeOptions Id="DebugProbeParams">
        <Option Id="CAPTURE_COMPARE_VALUE" value="eq1&apos;bX"/>
        <Option Id="COMPARE_VALUE.0" value="eq1&apos;bX"/>
        <Option Id="DISPLAY_AS_ENUM" value="1"/>
        <Option Id="DISPLAY_HINT" value=""/>
        <Option Id="DISPLAY_RADIX" value="HEX"/>
        <Option Id="DISPLAY_VISIBILITY" value=""/>
        <Option Id="HW_ILA" value="hw_ila_2"/>
        <Option Id="LINK_TO_WAVEFORM" value="1"/>
        <Option Id="MAP" value="probe2[14]"/>
        <Option Id="NAME.CUSTOM" value=""/>
        <Option Id="NAME.SELECT" value="Long"/>
        <Option Id="SOURCE" value="netlist"/>
        <Option Id="TRIGGER_COMPARE_VALUE" value="eq1&apos;bX"/>
        <Option Id="WAVEFORM_STYLE" value="Digital"/>
      </probeOptions>
      <nets>
        <net name="design_1_i/&lt;const1>_15"/>
      </nets>
    </probe>
    <probe type="ila" busType="net" source="netlist" spec="ILA_V2_RT">
      <probeOptions Id="DebugProbeParams">
        <Option Id="CAPTURE_COMPARE_VALUE" value="eq1&apos;bX"/>
        <Option Id="COMPARE_VALUE.0" value="eq1&apos;bX"/>
        <Option Id="DISPLAY_AS_ENUM" value="1"/>
        <Option Id="DISPLAY_HINT" value=""/>
        <Option Id="DISPLAY_RADIX" value="HEX"/>
        <Option Id="DISPLAY_VISIBILITY" value=""/>
        <Option Id="HW_ILA" value="hw_ila_2"/>
        <Option Id="LINK_TO_WAVEFORM" value="1"/>
        <Option Id="MAP" value="probe2[1]"/>
        <Option Id="NAME.CUSTOM" value=""/>
        <Option Id="NAME.SELECT" value="Long"/>
        <Option Id="SOURCE" value="netlist"/>
        <Option Id="TRIGGER_COMPARE_VALUE" value="eq1&apos;bX"/>
        <Option Id="WAVEFORM_STYLE" value="Digital"/>
      </probeOptions>
      <nets>
        <net name="design_1_i/&lt;const1>_2"/>
      </nets>
    </probe>
    <probe type="ila" busType="net" source="netlist" spec="ILA_V2_RT">
      <probeOptions Id="DebugProbeParams">
        <Option Id="CAPTURE_COMPARE_VALUE" value="eq1&apos;bX"/>
        <Option Id="COMPARE_VALUE.0" value="eq1&apos;bX"/>
        <Option Id="DISPLAY_AS_ENUM" value="1"/>
        <Option Id="DISPLAY_HINT" value=""/>
        <Option Id="DISPLAY_RADIX" value="HEX"/>
        <Option Id="DISPLAY_VISIBILITY" value=""/>
        <Option Id="HW_ILA" value="hw_ila_2"/>
        <Option Id="LINK_TO_WAVEFORM" value="1"/>
        <Option Id="MAP" value="probe2[2]"/>
        <Option Id="NAME.CUSTOM" value=""/>
        <Option Id="NAME.SELECT" value="Long"/>
        <Option Id="SOURCE" value="netlist"/>
        <Option Id="TRIGGER_COMPARE_VALUE" value="eq1&apos;bX"/>
        <Option Id="WAVEFORM_STYLE" value="Digital"/>
      </probeOptions>
      <nets>
        <net name="design_1_i/&lt;const1>_3"/>
      </nets>
    </probe>
    <probe type="ila" busType="net" source="netlist" spec="ILA_V2_RT">
      <probeOptions Id="DebugProbeParams">
        <Option Id="CAPTURE_COMPARE_VALUE" value="eq1&apos;bX"/>
        <Option Id="COMPARE_VALUE.0" value="eq1&apos;bX"/>
        <Option Id="DISPLAY_AS_ENUM" value="1"/>
        <Option Id="DISPLAY_HINT" value=""/>
        <Option Id="DISPLAY_RADIX" value="HEX"/>
        <Option Id="DISPLAY_VISIBILITY" value=""/>
        <Option Id="HW_ILA" value="hw_ila_2"/>
        <Option Id="LINK_TO_WAVEFORM" value="1"/>
        <Option Id="MAP" value="probe2[3]"/>
        <Option Id="NAME.CUSTOM" value=""/>
        <Option Id="NAME.SELECT" value="Long"/>
        <Option Id="SOURCE" value="netlist"/>
        <Option Id="TRIGGER_COMPARE_VALUE" value="eq1&apos;bX"/>
        <Option Id="WAVEFORM_STYLE" value="Digital"/>
      </probeOptions>
      <nets>
        <net name="design_1_i/&lt;const1>_4"/>
      </nets>
    </probe>
    <probe type="ila" busType="net" source="netlist" spec="ILA_V2_RT">
      <probeOptions Id="DebugProbeParams">
        <Option Id="CAPTURE_COMPARE_VALUE" value="eq1&apos;bX"/>
        <Option Id="COMPARE_VALUE.0" value="eq1&apos;bX"/>
        <Option Id="DISPLAY_AS_ENUM" value="1"/>
        <Option Id="DISPLAY_HINT" value=""/>
        <Option Id="DISPLAY_RADIX" value="HEX"/>
        <Option Id="DISPLAY_VISIBILITY" value=""/>
        <Option Id="HW_ILA" value="hw_ila_2"/>
        <Option Id="LINK_TO_WAVEFORM" value="1"/>
        <Option Id="MAP" value="probe2[4]"/>
        <Option Id="NAME.CUSTOM" value=""/>
        <Option Id="NAME.SELECT" value="Long"/>
        <Option Id="SOURCE" value="netlist"/>
        <Option Id="TRIGGER_COMPARE_VALUE" value="eq1&apos;bX"/>
        <Option Id="WAVEFORM_STYLE" value="Digital"/>
      </probeOptions>
      <nets>
        <net name="design_1_i/&lt;const1>_5"/>
      </nets>
    </probe>
    <probe type="ila" busType="net" source="netlist" spec="ILA_V2_RT">
      <probeOptions Id="DebugProbeParams">
        <Option Id="CAPTURE_COMPARE_VALUE" value="eq1&apos;bX"/>
        <Option Id="COMPARE_VALUE.0" value="eq1&apos;bX"/>
        <Option Id="DISPLAY_AS_ENUM" value="1"/>
        <Option Id="DISPLAY_HINT" value=""/>
        <Option Id="DISPLAY_RADIX" value="HEX"/>
        <Option Id="DISPLAY_VISIBILITY" value=""/>
        <Option Id="HW_ILA" value="hw_ila_2"/>
        <Option Id="LINK_TO_WAVEFORM" value="1"/>
        <Option Id="MAP" value="probe2[5]"/>
        <Option Id="NAME.CUSTOM" value=""/>
        <Option Id="NAME.SELECT" value="Long"/>
        <Option Id="SOURCE" value="netlist"/>
        <Option Id="TRIGGER_COMPARE_VALUE" value="eq1&apos;bX"/>
        <Option Id="WAVEFORM_STYLE" value="Digital"/>
      </probeOptions>
      <nets>
        <net name="design_1_i/&lt;const1>_6"/>
      </nets>
    </probe>
    <probe type="ila" busType="net" source="netlist" spec="ILA_V2_RT">
      <probeOptions Id="DebugProbeParams">
        <Option Id="CAPTURE_COMPARE_VALUE" value="eq1&apos;bX"/>
        <Option Id="COMPARE_VALUE.0" value="eq1&apos;bX"/>
        <Option Id="DISPLAY_AS_ENUM" value="1"/>
        <Option Id="DISPLAY_HINT" value=""/>
        <Option Id="DISPLAY_RADIX" value="HEX"/>
        <Option Id="DISPLAY_VISIBILITY" value=""/>
        <Option Id="HW_ILA" value="hw_ila_2"/>
        <Option Id="LINK_TO_WAVEFORM" value="1"/>
        <Option Id="MAP" value="probe2[6]"/>
        <Option Id="NAME.CUSTOM" value=""/>
        <Option Id="NAME.SELECT" value="Long"/>
        <Option Id="SOURCE" value="netlist"/>
        <Option Id="TRIGGER_COMPARE_VALUE" value="eq1&apos;bX"/>
        <Option Id="WAVEFORM_STYLE" value="Digital"/>
      </probeOptions>
      <nets>
        <net name="design_1_i/&lt;const1>_7"/>
      </nets>
    </probe>
    <probe type="ila" busType="net" source="netlist" spec="ILA_V2_RT">
      <probeOptions Id="DebugProbeParams">
        <Option Id="CAPTURE_COMPARE_VALUE" value="eq1&apos;bX"/>
        <Option Id="COMPARE_VALUE.0" value="eq1&apos;bX"/>
        <Option Id="DISPLAY_AS_ENUM" value="1"/>
        <Option Id="DISPLAY_HINT" value=""/>
        <Option Id="DISPLAY_RADIX" value="HEX"/>
        <Option Id="DISPLAY_VISIBILITY" value=""/>
        <Option Id="HW_ILA" value="hw_ila_2"/>
        <Option Id="LINK_TO_WAVEFORM" value="1"/>
        <Option Id="MAP" value="probe2[7]"/>
        <Option Id="NAME.CUSTOM" value=""/>
        <Option Id="NAME.SELECT" value="Long"/>
        <Option Id="SOURCE" value="netlist"/>
        <Option Id="TRIGGER_COMPARE_VALUE" value="eq1&apos;bX"/>
        <Option Id="WAVEFORM_STYLE" value="Digital"/>
      </probeOptions>
      <nets>
        <net name="design_1_i/&lt;const1>_8"/>
      </nets>
    </probe>
    <probe type="ila" busType="net" source="netlist" spec="ILA_V2_RT">
      <probeOptions Id="DebugProbeParams">
        <Option Id="CAPTURE_COMPARE_VALUE" value="eq1&apos;bX"/>
        <Option Id="COMPARE_VALUE.0" value="eq1&apos;bX"/>
        <Option Id="DISPLAY_AS_ENUM" value="1"/>
        <Option Id="DISPLAY_HINT" value=""/>
        <Option Id="DISPLAY_RADIX" value="HEX"/>
        <Option Id="DISPLAY_VISIBILITY" value=""/>
        <Option Id="HW_ILA" value="hw_ila_2"/>
        <Option Id="LINK_TO_WAVEFORM" value="1"/>
        <Option Id="MAP" value="probe2[8]"/>
        <Option Id="NAME.CUSTOM" value=""/>
        <Option Id="NAME.SELECT" value="Long"/>
        <Option Id="SOURCE" value="netlist"/>
        <Option Id="TRIGGER_COMPARE_VALUE" value="eq1&apos;bX"/>
        <Option Id="WAVEFORM_STYLE" value="Digital"/>
      </probeOptions>
      <nets>
        <net name="design_1_i/&lt;const1>_9"/>
      </nets>
    </probe>
    <probe type="ila" busType="bus" source="netlist" spec="ILA_V2_RT">
      <probeOptions Id="DebugProbeParams">
        <Option Id="CAPTURE_COMPARE_VALUE" value="eq128&apos;hXXXX_XXXX_XXXX_XXXX_XXXX_XXXX_XXXX_XXXX"/>
        <Option Id="COMPARE_VALUE.0" value="eq128&apos;hXXXX_XXXX_XXXX_XXXX_XXXX_XXXX_XXXX_XXXX"/>
        <Option Id="DISPLAY_AS_ENUM" value="1"/>
        <Option Id="DISPLAY_HINT" value=""/>
        <Option Id="DISPLAY_RADIX" value="HEX"/>
        <Option Id="DISPLAY_VISIBILITY" value=""/>
        <Option Id="HW_ILA" value="hw_ila_2"/>
        <Option Id="LINK_TO_WAVEFORM" value="1"/>
        <Option Id="MAP" value="probe1[127:0]"/>
        <Option Id="NAME.CUSTOM" value=""/>
        <Option Id="NAME.SELECT" value="Long"/>
        <Option Id="SOURCE" value="netlist"/>
        <Option Id="TRIGGER_COMPARE_VALUE" value="eq128&apos;hXXXX_XXXX_XXXX_XXXX_XXXX_XXXX_XXXX_XXXX"/>
        <Option Id="WAVEFORM_STYLE" value="Digital"/>
      </probeOptions>
      <nets>
        <net name="design_1_i/axi_dma_0_M_AXIS_MM2S_TDATA[127]"/>
        <net name="design_1_i/axi_dma_0_M_AXIS_MM2S_TDATA[126]"/>
        <net name="design_1_i/axi_dma_0_M_AXIS_MM2S_TDATA[125]"/>
        <net name="design_1_i/axi_dma_0_M_AXIS_MM2S_TDATA[124]"/>
        <net name="design_1_i/axi_dma_0_M_AXIS_MM2S_TDATA[123]"/>
        <net name="design_1_i/axi_dma_0_M_AXIS_MM2S_TDATA[122]"/>
        <net name="design_1_i/axi_dma_0_M_AXIS_MM2S_TDATA[121]"/>
        <net name="design_1_i/axi_dma_0_M_AXIS_MM2S_TDATA[120]"/>
        <net name="design_1_i/axi_dma_0_M_AXIS_MM2S_TDATA[119]"/>
        <net name="design_1_i/axi_dma_0_M_AXIS_MM2S_TDATA[118]"/>
        <net name="design_1_i/axi_dma_0_M_AXIS_MM2S_TDATA[117]"/>
        <net name="design_1_i/axi_dma_0_M_AXIS_MM2S_TDATA[116]"/>
        <net name="design_1_i/axi_dma_0_M_AXIS_MM2S_TDATA[115]"/>
        <net name="design_1_i/axi_dma_0_M_AXIS_MM2S_TDATA[114]"/>
        <net name="design_1_i/axi_dma_0_M_AXIS_MM2S_TDATA[113]"/>
        <net name="design_1_i/axi_dma_0_M_AXIS_MM2S_TDATA[112]"/>
        <net name="design_1_i/axi_dma_0_M_AXIS_MM2S_TDATA[111]"/>
        <net name="design_1_i/axi_dma_0_M_AXIS_MM2S_TDATA[110]"/>
        <net name="design_1_i/axi_dma_0_M_AXIS_MM2S_TDATA[109]"/>
        <net name="design_1_i/axi_dma_0_M_AXIS_MM2S_TDATA[108]"/>
        <net name="design_1_i/axi_dma_0_M_AXIS_MM2S_TDATA[107]"/>
        <net name="design_1_i/axi_dma_0_M_AXIS_MM2S_TDATA[106]"/>
        <net name="design_1_i/axi_dma_0_M_AXIS_MM2S_TDATA[105]"/>
        <net name="design_1_i/axi_dma_0_M_AXIS_MM2S_TDATA[104]"/>
        <net name="design_1_i/axi_dma_0_M_AXIS_MM2S_TDATA[103]"/>
        <net name="design_1_i/axi_dma_0_M_AXIS_MM2S_TDATA[102]"/>
        <net name="design_1_i/axi_dma_0_M_AXIS_MM2S_TDATA[101]"/>
        <net name="design_1_i/axi_dma_0_M_AXIS_MM2S_TDATA[100]"/>
        <net name="design_1_i/axi_dma_0_M_AXIS_MM2S_TDATA[99]"/>
        <net name="design_1_i/axi_dma_0_M_AXIS_MM2S_TDATA[98]"/>
        <net name="design_1_i/axi_dma_0_M_AXIS_MM2S_TDATA[97]"/>
        <net name="design_1_i/axi_dma_0_M_AXIS_MM2S_TDATA[96]"/>
        <net name="design_1_i/axi_dma_0_M_AXIS_MM2S_TDATA[95]"/>
        <net name="design_1_i/axi_dma_0_M_AXIS_MM2S_TDATA[94]"/>
        <net name="design_1_i/axi_dma_0_M_AXIS_MM2S_TDATA[93]"/>
        <net name="design_1_i/axi_dma_0_M_AXIS_MM2S_TDATA[92]"/>
        <net name="design_1_i/axi_dma_0_M_AXIS_MM2S_TDATA[91]"/>
        <net name="design_1_i/axi_dma_0_M_AXIS_MM2S_TDATA[90]"/>
        <net name="design_1_i/axi_dma_0_M_AXIS_MM2S_TDATA[89]"/>
        <net name="design_1_i/axi_dma_0_M_AXIS_MM2S_TDATA[88]"/>
        <net name="design_1_i/axi_dma_0_M_AXIS_MM2S_TDATA[87]"/>
        <net name="design_1_i/axi_dma_0_M_AXIS_MM2S_TDATA[86]"/>
        <net name="design_1_i/axi_dma_0_M_AXIS_MM2S_TDATA[85]"/>
        <net name="design_1_i/axi_dma_0_M_AXIS_MM2S_TDATA[84]"/>
        <net name="design_1_i/axi_dma_0_M_AXIS_MM2S_TDATA[83]"/>
        <net name="design_1_i/axi_dma_0_M_AXIS_MM2S_TDATA[82]"/>
        <net name="design_1_i/axi_dma_0_M_AXIS_MM2S_TDATA[81]"/>
        <net name="design_1_i/axi_dma_0_M_AXIS_MM2S_TDATA[80]"/>
        <net name="design_1_i/axi_dma_0_M_AXIS_MM2S_TDATA[79]"/>
        <net name="design_1_i/axi_dma_0_M_AXIS_MM2S_TDATA[78]"/>
        <net name="design_1_i/axi_dma_0_M_AXIS_MM2S_TDATA[77]"/>
        <net name="design_1_i/axi_dma_0_M_AXIS_MM2S_TDATA[76]"/>
        <net name="design_1_i/axi_dma_0_M_AXIS_MM2S_TDATA[75]"/>
        <net name="design_1_i/axi_dma_0_M_AXIS_MM2S_TDATA[74]"/>
        <net name="design_1_i/axi_dma_0_M_AXIS_MM2S_TDATA[73]"/>
        <net name="design_1_i/axi_dma_0_M_AXIS_MM2S_TDATA[72]"/>
        <net name="design_1_i/axi_dma_0_M_AXIS_MM2S_TDATA[71]"/>
        <net name="design_1_i/axi_dma_0_M_AXIS_MM2S_TDATA[70]"/>
        <net name="design_1_i/axi_dma_0_M_AXIS_MM2S_TDATA[69]"/>
        <net name="design_1_i/axi_dma_0_M_AXIS_MM2S_TDATA[68]"/>
        <net name="design_1_i/axi_dma_0_M_AXIS_MM2S_TDATA[67]"/>
        <net name="design_1_i/axi_dma_0_M_AXIS_MM2S_TDATA[66]"/>
        <net name="design_1_i/axi_dma_0_M_AXIS_MM2S_TDATA[65]"/>
        <net name="design_1_i/axi_dma_0_M_AXIS_MM2S_TDATA[64]"/>
        <net name="design_1_i/axi_dma_0_M_AXIS_MM2S_TDATA[63]"/>
        <net name="design_1_i/axi_dma_0_M_AXIS_MM2S_TDATA[62]"/>
        <net name="design_1_i/axi_dma_0_M_AXIS_MM2S_TDATA[61]"/>
        <net name="design_1_i/axi_dma_0_M_AXIS_MM2S_TDATA[60]"/>
        <net name="design_1_i/axi_dma_0_M_AXIS_MM2S_TDATA[59]"/>
        <net name="design_1_i/axi_dma_0_M_AXIS_MM2S_TDATA[58]"/>
        <net name="design_1_i/axi_dma_0_M_AXIS_MM2S_TDATA[57]"/>
        <net name="design_1_i/axi_dma_0_M_AXIS_MM2S_TDATA[56]"/>
        <net name="design_1_i/axi_dma_0_M_AXIS_MM2S_TDATA[55]"/>
        <net name="design_1_i/axi_dma_0_M_AXIS_MM2S_TDATA[54]"/>
        <net name="design_1_i/axi_dma_0_M_AXIS_MM2S_TDATA[53]"/>
        <net name="design_1_i/axi_dma_0_M_AXIS_MM2S_TDATA[52]"/>
        <net name="design_1_i/axi_dma_0_M_AXIS_MM2S_TDATA[51]"/>
        <net name="design_1_i/axi_dma_0_M_AXIS_MM2S_TDATA[50]"/>
        <net name="design_1_i/axi_dma_0_M_AXIS_MM2S_TDATA[49]"/>
        <net name="design_1_i/axi_dma_0_M_AXIS_MM2S_TDATA[48]"/>
        <net name="design_1_i/axi_dma_0_M_AXIS_MM2S_TDATA[47]"/>
        <net name="design_1_i/axi_dma_0_M_AXIS_MM2S_TDATA[46]"/>
        <net name="design_1_i/axi_dma_0_M_AXIS_MM2S_TDATA[45]"/>
        <net name="design_1_i/axi_dma_0_M_AXIS_MM2S_TDATA[44]"/>
        <net name="design_1_i/axi_dma_0_M_AXIS_MM2S_TDATA[43]"/>
        <net name="design_1_i/axi_dma_0_M_AXIS_MM2S_TDATA[42]"/>
        <net name="design_1_i/axi_dma_0_M_AXIS_MM2S_TDATA[41]"/>
        <net name="design_1_i/axi_dma_0_M_AXIS_MM2S_TDATA[40]"/>
        <net name="design_1_i/axi_dma_0_M_AXIS_MM2S_TDATA[39]"/>
        <net name="design_1_i/axi_dma_0_M_AXIS_MM2S_TDATA[38]"/>
        <net name="design_1_i/axi_dma_0_M_AXIS_MM2S_TDATA[37]"/>
        <net name="design_1_i/axi_dma_0_M_AXIS_MM2S_TDATA[36]"/>
        <net name="design_1_i/axi_dma_0_M_AXIS_MM2S_TDATA[35]"/>
        <net name="design_1_i/axi_dma_0_M_AXIS_MM2S_TDATA[34]"/>
        <net name="design_1_i/axi_dma_0_M_AXIS_MM2S_TDATA[33]"/>
        <net name="design_1_i/axi_dma_0_M_AXIS_MM2S_TDATA[32]"/>
        <net name="design_1_i/axi_dma_0_M_AXIS_MM2S_TDATA[31]"/>
        <net name="design_1_i/axi_dma_0_M_AXIS_MM2S_TDATA[30]"/>
        <net name="design_1_i/axi_dma_0_M_AXIS_MM2S_TDATA[29]"/>
        <net name="design_1_i/axi_dma_0_M_AXIS_MM2S_TDATA[28]"/>
        <net name="design_1_i/axi_dma_0_M_AXIS_MM2S_TDATA[27]"/>
        <net name="design_1_i/axi_dma_0_M_AXIS_MM2S_TDATA[26]"/>
        <net name="design_1_i/axi_dma_0_M_AXIS_MM2S_TDATA[25]"/>
        <net name="design_1_i/axi_dma_0_M_AXIS_MM2S_TDATA[24]"/>
        <net name="design_1_i/axi_dma_0_M_AXIS_MM2S_TDATA[23]"/>
        <net name="design_1_i/axi_dma_0_M_AXIS_MM2S_TDATA[22]"/>
        <net name="design_1_i/axi_dma_0_M_AXIS_MM2S_TDATA[21]"/>
        <net name="design_1_i/axi_dma_0_M_AXIS_MM2S_TDATA[20]"/>
        <net name="design_1_i/axi_dma_0_M_AXIS_MM2S_TDATA[19]"/>
        <net name="design_1_i/axi_dma_0_M_AXIS_MM2S_TDATA[18]"/>
        <net name="design_1_i/axi_dma_0_M_AXIS_MM2S_TDATA[17]"/>
        <net name="design_1_i/axi_dma_0_M_AXIS_MM2S_TDATA[16]"/>
        <net name="design_1_i/axi_dma_0_M_AXIS_MM2S_TDATA[15]"/>
        <net name="design_1_i/axi_dma_0_M_AXIS_MM2S_TDATA[14]"/>
        <net name="design_1_i/axi_dma_0_M_AXIS_MM2S_TDATA[13]"/>
        <net name="design_1_i/axi_dma_0_M_AXIS_MM2S_TDATA[12]"/>
        <net name="design_1_i/axi_dma_0_M_AXIS_MM2S_TDATA[11]"/>
        <net name="design_1_i/axi_dma_0_M_AXIS_MM2S_TDATA[10]"/>
        <net name="design_1_i/axi_dma_0_M_AXIS_MM2S_TDATA[9]"/>
        <net name="design_1_i/axi_dma_0_M_AXIS_MM2S_TDATA[8]"/>
        <net name="design_1_i/axi_dma_0_M_AXIS_MM2S_TDATA[7]"/>
        <net name="design_1_i/axi_dma_0_M_AXIS_MM2S_TDATA[6]"/>
        <net name="design_1_i/axi_dma_0_M_AXIS_MM2S_TDATA[5]"/>
        <net name="design_1_i/axi_dma_0_M_AXIS_MM2S_TDATA[4]"/>
        <net name="design_1_i/axi_dma_0_M_AXIS_MM2S_TDATA[3]"/>
        <net name="design_1_i/axi_dma_0_M_AXIS_MM2S_TDATA[2]"/>
        <net name="design_1_i/axi_dma_0_M_AXIS_MM2S_TDATA[1]"/>
        <net name="design_1_i/axi_dma_0_M_AXIS_MM2S_TDATA[0]"/>
      </nets>
    </probe>
    <probe type="ila" busType="bus" source="netlist" spec="ILA_V2_RT">
      <probeOptions Id="DebugProbeParams">
        <Option Id="CAPTURE_COMPARE_VALUE" value="eq16&apos;hXXXX"/>
        <Option Id="COMPARE_VALUE.0" value="eq16&apos;hXXXX"/>
        <Option Id="DISPLAY_AS_ENUM" value="1"/>
        <Option Id="DISPLAY_HINT" value=""/>
        <Option Id="DISPLAY_RADIX" value="HEX"/>
        <Option Id="DISPLAY_VISIBILITY" value=""/>
        <Option Id="HW_ILA" value="hw_ila_2"/>
        <Option Id="LINK_TO_WAVEFORM" value="1"/>
        <Option Id="MAP" value="probe6[15:0]"/>
        <Option Id="NAME.CUSTOM" value=""/>
        <Option Id="NAME.SELECT" value="Long"/>
        <Option Id="SOURCE" value="netlist"/>
        <Option Id="TRIGGER_COMPARE_VALUE" value="eq16&apos;hXXXX"/>
        <Option Id="WAVEFORM_STYLE" value="Digital"/>
      </probeOptions>
      <nets>
        <net name="design_1_i/axi_dma_0_M_AXIS_MM2S_TKEEP[15]"/>
        <net name="design_1_i/axi_dma_0_M_AXIS_MM2S_TKEEP[14]"/>
        <net name="design_1_i/axi_dma_0_M_AXIS_MM2S_TKEEP[13]"/>
        <net name="design_1_i/axi_dma_0_M_AXIS_MM2S_TKEEP[12]"/>
        <net name="design_1_i/axi_dma_0_M_AXIS_MM2S_TKEEP[11]"/>
        <net name="design_1_i/axi_dma_0_M_AXIS_MM2S_TKEEP[10]"/>
        <net name="design_1_i/axi_dma_0_M_AXIS_MM2S_TKEEP[9]"/>
        <net name="design_1_i/axi_dma_0_M_AXIS_MM2S_TKEEP[8]"/>
        <net name="design_1_i/axi_dma_0_M_AXIS_MM2S_TKEEP[7]"/>
        <net name="design_1_i/axi_dma_0_M_AXIS_MM2S_TKEEP[6]"/>
        <net name="design_1_i/axi_dma_0_M_AXIS_MM2S_TKEEP[5]"/>
        <net name="design_1_i/axi_dma_0_M_AXIS_MM2S_TKEEP[4]"/>
        <net name="design_1_i/axi_dma_0_M_AXIS_MM2S_TKEEP[3]"/>
        <net name="design_1_i/axi_dma_0_M_AXIS_MM2S_TKEEP[2]"/>
        <net name="design_1_i/axi_dma_0_M_AXIS_MM2S_TKEEP[1]"/>
        <net name="design_1_i/axi_dma_0_M_AXIS_MM2S_TKEEP[0]"/>
      </nets>
    </probe>
    <probe type="ila" busType="net" source="netlist" spec="ILA_V2_RT">
      <probeOptions Id="DebugProbeParams">
        <Option Id="CAPTURE_COMPARE_VALUE" value="eq1&apos;bX"/>
        <Option Id="COMPARE_VALUE.0" value="eq1&apos;bX"/>
        <Option Id="DISPLAY_AS_ENUM" value="1"/>
        <Option Id="DISPLAY_HINT" value=""/>
        <Option Id="DISPLAY_RADIX" value="HEX"/>
        <Option Id="DISPLAY_VISIBILITY" value=""/>
        <Option Id="HW_ILA" value="hw_ila_2"/>
        <Option Id="LINK_TO_WAVEFORM" value="1"/>
        <Option Id="MAP" value="probe4[0]"/>
        <Option Id="NAME.CUSTOM" value=""/>
        <Option Id="NAME.SELECT" value="Long"/>
        <Option Id="SOURCE" value="netlist"/>
        <Option Id="TRIGGER_COMPARE_VALUE" value="eq1&apos;bX"/>
        <Option Id="WAVEFORM_STYLE" value="Digital"/>
      </probeOptions>
      <nets>
        <net name="design_1_i/axi_dma_0_M_AXIS_MM2S_TLAST"/>
      </nets>
    </probe>
    <probe type="ila" busType="net" source="netlist" spec="ILA_V2_RT">
      <probeOptions Id="DebugProbeParams">
        <Option Id="CAPTURE_COMPARE_VALUE" value="eq1&apos;bX"/>
        <Option Id="COMPARE_VALUE.0" value="eq1&apos;bX"/>
        <Option Id="DISPLAY_AS_ENUM" value="1"/>
        <Option Id="DISPLAY_HINT" value=""/>
        <Option Id="DISPLAY_RADIX" value="HEX"/>
        <Option Id="DISPLAY_VISIBILITY" value=""/>
        <Option Id="HW_ILA" value="hw_ila_2"/>
        <Option Id="LINK_TO_WAVEFORM" value="1"/>
        <Option Id="MAP" value="probe0[0]"/>
        <Option Id="NAME.CUSTOM" value=""/>
        <Option Id="NAME.SELECT" value="Long"/>
        <Option Id="SOURCE" value="netlist"/>
        <Option Id="TRIGGER_COMPARE_VALUE" value="eq1&apos;bX"/>
        <Option Id="WAVEFORM_STYLE" value="Digital"/>
      </probeOptions>
      <nets>
        <net name="design_1_i/axi_dma_0_M_AXIS_MM2S_TREADY"/>
      </nets>
    </probe>
    <probe type="ila" busType="net" source="netlist" spec="ILA_V2_RT">
      <probeOptions Id="DebugProbeParams">
        <Option Id="CAPTURE_COMPARE_VALUE" value="eq1&apos;bX"/>
        <Option Id="COMPARE_VALUE.0" value="eq1&apos;bX"/>
        <Option Id="DISPLAY_AS_ENUM" value="1"/>
        <Option Id="DISPLAY_HINT" value=""/>
        <Option Id="DISPLAY_RADIX" value="HEX"/>
        <Option Id="DISPLAY_VISIBILITY" value=""/>
        <Option Id="HW_ILA" value="hw_ila_2"/>
        <Option Id="LINK_TO_WAVEFORM" value="1"/>
        <Option Id="MAP" value="probe3[0]"/>
        <Option Id="NAME.CUSTOM" value=""/>
        <Option Id="NAME.SELECT" value="Long"/>
        <Option Id="SOURCE" value="netlist"/>
        <Option Id="TRIGGER_COMPARE_VALUE" value="eq1&apos;bX"/>
        <Option Id="WAVEFORM_STYLE" value="Digital"/>
      </probeOptions>
      <nets>
        <net name="design_1_i/axi_dma_0_M_AXIS_MM2S_TVALID"/>
      </nets>
    </probe>
    <probe type="ila" busType="bus" source="netlist" spec="ILA_V2_RT">
      <probeOptions Id="DebugProbeParams">
        <Option Id="CAPTURE_COMPARE_VALUE" value="eq10&apos;hXXX"/>
        <Option Id="COMPARE_VALUE.0" value="eq10&apos;hXXX"/>
        <Option Id="DISPLAY_AS_ENUM" value="1"/>
        <Option Id="DISPLAY_HINT" value=""/>
        <Option Id="DISPLAY_RADIX" value="HEX"/>
        <Option Id="DISPLAY_VISIBILITY" value=""/>
        <Option Id="HW_ILA" value="hw_ila_1"/>
        <Option Id="LINK_TO_WAVEFORM" value="1"/>
        <Option Id="MAP" value="probe5[9:0]"/>
        <Option Id="NAME.CUSTOM" value=""/>
        <Option Id="NAME.SELECT" value="Long"/>
        <Option Id="SOURCE" value="netlist"/>
        <Option Id="TRIGGER_COMPARE_VALUE" value="eq10&apos;hXXX"/>
        <Option Id="WAVEFORM_STYLE" value="Digital"/>
      </probeOptions>
      <nets>
        <net name="design_1_i/ps8_0_axi_periph_M00_AXI_ARADDR[9]"/>
        <net name="design_1_i/ps8_0_axi_periph_M00_AXI_ARADDR[8]"/>
        <net name="design_1_i/ps8_0_axi_periph_M00_AXI_ARADDR[7]"/>
        <net name="design_1_i/ps8_0_axi_periph_M00_AXI_ARADDR[6]"/>
        <net name="design_1_i/ps8_0_axi_periph_M00_AXI_ARADDR[5]"/>
        <net name="design_1_i/ps8_0_axi_periph_M00_AXI_ARADDR[4]"/>
        <net name="design_1_i/ps8_0_axi_periph_M00_AXI_ARADDR[3]"/>
        <net name="design_1_i/ps8_0_axi_periph_M00_AXI_ARADDR[2]"/>
        <net name="design_1_i/ps8_0_axi_periph_M00_AXI_ARADDR[1]"/>
        <net name="design_1_i/ps8_0_axi_periph_M00_AXI_ARADDR[0]"/>
      </nets>
    </probe>
    <probe type="ila" busType="bus" source="netlist" spec="ILA_V2_RT">
      <probeOptions Id="DebugProbeParams">
        <Option Id="CAPTURE_COMPARE_VALUE" value="eq3&apos;hX"/>
        <Option Id="COMPARE_VALUE.0" value="eq3&apos;hX"/>
        <Option Id="DISPLAY_AS_ENUM" value="1"/>
        <Option Id="DISPLAY_HINT" value=""/>
        <Option Id="DISPLAY_RADIX" value="HEX"/>
        <Option Id="DISPLAY_VISIBILITY" value=""/>
        <Option Id="HW_ILA" value="hw_ila_1"/>
        <Option Id="LINK_TO_WAVEFORM" value="1"/>
        <Option Id="MAP" value="probe17[2:0]"/>
        <Option Id="NAME.CUSTOM" value=""/>
        <Option Id="NAME.SELECT" value="Long"/>
        <Option Id="SOURCE" value="netlist"/>
        <Option Id="TRIGGER_COMPARE_VALUE" value="eq3&apos;hX"/>
        <Option Id="WAVEFORM_STYLE" value="Digital"/>
      </probeOptions>
      <nets>
        <net name="design_1_i/ps8_0_axi_periph_M00_AXI_ARPROT[2]"/>
        <net name="design_1_i/ps8_0_axi_periph_M00_AXI_ARPROT[1]"/>
        <net name="design_1_i/ps8_0_axi_periph_M00_AXI_ARPROT[0]"/>
      </nets>
    </probe>
    <probe type="ila" busType="net" source="netlist" spec="ILA_V2_RT">
      <probeOptions Id="DebugProbeParams">
        <Option Id="CAPTURE_COMPARE_VALUE" value="eq1&apos;bX"/>
        <Option Id="COMPARE_VALUE.0" value="eq1&apos;bX"/>
        <Option Id="DISPLAY_AS_ENUM" value="1"/>
        <Option Id="DISPLAY_HINT" value=""/>
        <Option Id="DISPLAY_RADIX" value="HEX"/>
        <Option Id="DISPLAY_VISIBILITY" value=""/>
        <Option Id="HW_ILA" value="hw_ila_1"/>
        <Option Id="LINK_TO_WAVEFORM" value="1"/>
        <Option Id="MAP" value="probe9[0]"/>
        <Option Id="NAME.CUSTOM" value=""/>
        <Option Id="NAME.SELECT" value="Long"/>
        <Option Id="SOURCE" value="netlist"/>
        <Option Id="TRIGGER_COMPARE_VALUE" value="eq1&apos;bX"/>
        <Option Id="WAVEFORM_STYLE" value="Digital"/>
      </probeOptions>
      <nets>
        <net name="design_1_i/ps8_0_axi_periph_M00_AXI_ARREADY"/>
      </nets>
    </probe>
    <probe type="ila" busType="net" source="netlist" spec="ILA_V2_RT">
      <probeOptions Id="DebugProbeParams">
        <Option Id="CAPTURE_COMPARE_VALUE" value="eq1&apos;bX"/>
        <Option Id="COMPARE_VALUE.0" value="eq1&apos;bX"/>
        <Option Id="DISPLAY_AS_ENUM" value="1"/>
        <Option Id="DISPLAY_HINT" value=""/>
        <Option Id="DISPLAY_RADIX" value="HEX"/>
        <Option Id="DISPLAY_VISIBILITY" value=""/>
        <Option Id="HW_ILA" value="hw_ila_1"/>
        <Option Id="LINK_TO_WAVEFORM" value="1"/>
        <Option Id="MAP" value="probe8[0]"/>
        <Option Id="NAME.CUSTOM" value=""/>
        <Option Id="NAME.SELECT" value="Long"/>
        <Option Id="SOURCE" value="netlist"/>
        <Option Id="TRIGGER_COMPARE_VALUE" value="eq1&apos;bX"/>
        <Option Id="WAVEFORM_STYLE" value="Digital"/>
      </probeOptions>
      <nets>
        <net name="design_1_i/ps8_0_axi_periph_M00_AXI_ARVALID"/>
      </nets>
    </probe>
    <probe type="ila" busType="bus" source="netlist" spec="ILA_V2_RT">
      <probeOptions Id="DebugProbeParams">
        <Option Id="CAPTURE_COMPARE_VALUE" value="eq10&apos;hXXX"/>
        <Option Id="COMPARE_VALUE.0" value="eq10&apos;hXXX"/>
        <Option Id="DISPLAY_AS_ENUM" value="1"/>
        <Option Id="DISPLAY_HINT" value=""/>
        <Option Id="DISPLAY_RADIX" value="HEX"/>
        <Option Id="DISPLAY_VISIBILITY" value=""/>
        <Option Id="HW_ILA" value="hw_ila_1"/>
        <Option Id="LINK_TO_WAVEFORM" value="1"/>
        <Option Id="MAP" value="probe1[9:0]"/>
        <Option Id="NAME.CUSTOM" value=""/>
        <Option Id="NAME.SELECT" value="Short"/>
        <Option Id="SOURCE" value="netlist"/>
        <Option Id="TRIGGER_COMPARE_VALUE" value="eq10&apos;hXXX"/>
        <Option Id="WAVEFORM_STYLE" value="Digital"/>
      </probeOptions>
      <nets>
        <net name="design_1_i/ps8_0_axi_periph_M00_AXI_AWADDR[9]"/>
        <net name="design_1_i/ps8_0_axi_periph_M00_AXI_AWADDR[8]"/>
        <net name="design_1_i/ps8_0_axi_periph_M00_AXI_AWADDR[7]"/>
        <net name="design_1_i/ps8_0_axi_periph_M00_AXI_AWADDR[6]"/>
        <net name="design_1_i/ps8_0_axi_periph_M00_AXI_AWADDR[5]"/>
        <net name="design_1_i/ps8_0_axi_periph_M00_AXI_AWADDR[4]"/>
        <net name="design_1_i/ps8_0_axi_periph_M00_AXI_AWADDR[3]"/>
        <net name="design_1_i/ps8_0_axi_periph_M00_AXI_AWADDR[2]"/>
        <net name="design_1_i/ps8_0_axi_periph_M00_AXI_AWADDR[1]"/>
        <net name="design_1_i/ps8_0_axi_periph_M00_AXI_AWADDR[0]"/>
      </nets>
    </probe>
    <probe type="ila" busType="bus" source="netlist" spec="ILA_V2_RT">
      <probeOptions Id="DebugProbeParams">
        <Option Id="CAPTURE_COMPARE_VALUE" value="eq3&apos;hX"/>
        <Option Id="COMPARE_VALUE.0" value="eq3&apos;hX"/>
        <Option Id="DISPLAY_AS_ENUM" value="1"/>
        <Option Id="DISPLAY_HINT" value=""/>
        <Option Id="DISPLAY_RADIX" value="HEX"/>
        <Option Id="DISPLAY_VISIBILITY" value=""/>
        <Option Id="HW_ILA" value="hw_ila_1"/>
        <Option Id="LINK_TO_WAVEFORM" value="1"/>
        <Option Id="MAP" value="probe18[2:0]"/>
        <Option Id="NAME.CUSTOM" value=""/>
        <Option Id="NAME.SELECT" value="Short"/>
        <Option Id="SOURCE" value="netlist"/>
        <Option Id="TRIGGER_COMPARE_VALUE" value="eq3&apos;hX"/>
        <Option Id="WAVEFORM_STYLE" value="Digital"/>
      </probeOptions>
      <nets>
        <net name="design_1_i/ps8_0_axi_periph_M00_AXI_AWPROT[2]"/>
        <net name="design_1_i/ps8_0_axi_periph_M00_AXI_AWPROT[1]"/>
        <net name="design_1_i/ps8_0_axi_periph_M00_AXI_AWPROT[0]"/>
      </nets>
    </probe>
    <probe type="ila" busType="net" source="netlist" spec="ILA_V2_RT">
      <probeOptions Id="DebugProbeParams">
        <Option Id="CAPTURE_COMPARE_VALUE" value="eq1&apos;bX"/>
        <Option Id="COMPARE_VALUE.0" value="eq1&apos;bX"/>
        <Option Id="DISPLAY_AS_ENUM" value="1"/>
        <Option Id="DISPLAY_HINT" value=""/>
        <Option Id="DISPLAY_RADIX" value="HEX"/>
        <Option Id="DISPLAY_VISIBILITY" value=""/>
        <Option Id="HW_ILA" value="hw_ila_1"/>
        <Option Id="LINK_TO_WAVEFORM" value="1"/>
        <Option Id="MAP" value="probe12[0]"/>
        <Option Id="NAME.CUSTOM" value=""/>
        <Option Id="NAME.SELECT" value="Long"/>
        <Option Id="SOURCE" value="netlist"/>
        <Option Id="TRIGGER_COMPARE_VALUE" value="eq1&apos;bX"/>
        <Option Id="WAVEFORM_STYLE" value="Digital"/>
      </probeOptions>
      <nets>
        <net name="design_1_i/ps8_0_axi_periph_M00_AXI_AWREADY"/>
      </nets>
    </probe>
    <probe type="ila" busType="net" source="netlist" spec="ILA_V2_RT">
      <probeOptions Id="DebugProbeParams">
        <Option Id="CAPTURE_COMPARE_VALUE" value="eq1&apos;bX"/>
        <Option Id="COMPARE_VALUE.0" value="eq1&apos;bX"/>
        <Option Id="DISPLAY_AS_ENUM" value="1"/>
        <Option Id="DISPLAY_HINT" value=""/>
        <Option Id="DISPLAY_RADIX" value="HEX"/>
        <Option Id="DISPLAY_VISIBILITY" value=""/>
        <Option Id="HW_ILA" value="hw_ila_1"/>
        <Option Id="LINK_TO_WAVEFORM" value="1"/>
        <Option Id="MAP" value="probe11[0]"/>
        <Option Id="NAME.CUSTOM" value=""/>
        <Option Id="NAME.SELECT" value="Short"/>
        <Option Id="SOURCE" value="netlist"/>
        <Option Id="TRIGGER_COMPARE_VALUE" value="eq1&apos;bX"/>
        <Option Id="WAVEFORM_STYLE" value="Digital"/>
      </probeOptions>
      <nets>
        <net name="design_1_i/ps8_0_axi_periph_M00_AXI_AWVALID"/>
      </nets>
    </probe>
    <probe type="ila" busType="net" source="netlist" spec="ILA_V2_RT">
      <probeOptions Id="DebugProbeParams">
        <Option Id="CAPTURE_COMPARE_VALUE" value="eq1&apos;bX"/>
        <Option Id="COMPARE_VALUE.0" value="eq1&apos;bX"/>
        <Option Id="DISPLAY_AS_ENUM" value="1"/>
        <Option Id="DISPLAY_HINT" value=""/>
        <Option Id="DISPLAY_RADIX" value="HEX"/>
        <Option Id="DISPLAY_VISIBILITY" value=""/>
        <Option Id="HW_ILA" value="hw_ila_1"/>
        <Option Id="LINK_TO_WAVEFORM" value="1"/>
        <Option Id="MAP" value="probe4[0]"/>
        <Option Id="NAME.CUSTOM" value=""/>
        <Option Id="NAME.SELECT" value="Long"/>
        <Option Id="SOURCE" value="netlist"/>
        <Option Id="TRIGGER_COMPARE_VALUE" value="eq1&apos;bX"/>
        <Option Id="WAVEFORM_STYLE" value="Digital"/>
      </probeOptions>
      <nets>
        <net name="design_1_i/ps8_0_axi_periph_M00_AXI_BREADY"/>
      </nets>
    </probe>
    <probe type="ila" busType="bus" source="netlist" spec="ILA_V2_RT">
      <probeOptions Id="DebugProbeParams">
        <Option Id="CAPTURE_COMPARE_VALUE" value="eq2&apos;hX"/>
        <Option Id="COMPARE_VALUE.0" value="eq2&apos;hX"/>
        <Option Id="DISPLAY_AS_ENUM" value="1"/>
        <Option Id="DISPLAY_HINT" value=""/>
        <Option Id="DISPLAY_RADIX" value="HEX"/>
        <Option Id="DISPLAY_VISIBILITY" value=""/>
        <Option Id="HW_ILA" value="hw_ila_1"/>
        <Option Id="LINK_TO_WAVEFORM" value="1"/>
        <Option Id="MAP" value="probe2[1:0]"/>
        <Option Id="NAME.CUSTOM" value=""/>
        <Option Id="NAME.SELECT" value="Long"/>
        <Option Id="SOURCE" value="netlist"/>
        <Option Id="TRIGGER_COMPARE_VALUE" value="eq2&apos;hX"/>
        <Option Id="WAVEFORM_STYLE" value="Digital"/>
      </probeOptions>
      <nets>
        <net name="design_1_i/ps8_0_axi_periph_M00_AXI_BRESP[1]"/>
        <net name="design_1_i/ps8_0_axi_periph_M00_AXI_BRESP[0]"/>
      </nets>
    </probe>
    <probe type="ila" busType="net" source="netlist" spec="ILA_V2_RT">
      <probeOptions Id="DebugProbeParams">
        <Option Id="CAPTURE_COMPARE_VALUE" value="eq1&apos;bX"/>
        <Option Id="COMPARE_VALUE.0" value="eq1&apos;bX"/>
        <Option Id="DISPLAY_AS_ENUM" value="1"/>
        <Option Id="DISPLAY_HINT" value=""/>
        <Option Id="DISPLAY_RADIX" value="HEX"/>
        <Option Id="DISPLAY_VISIBILITY" value=""/>
        <Option Id="HW_ILA" value="hw_ila_1"/>
        <Option Id="LINK_TO_WAVEFORM" value="1"/>
        <Option Id="MAP" value="probe3[0]"/>
        <Option Id="NAME.CUSTOM" value=""/>
        <Option Id="NAME.SELECT" value="Long"/>
        <Option Id="SOURCE" value="netlist"/>
        <Option Id="TRIGGER_COMPARE_VALUE" value="eq1&apos;bX"/>
        <Option Id="WAVEFORM_STYLE" value="Digital"/>
      </probeOptions>
      <nets>
        <net name="design_1_i/ps8_0_axi_periph_M00_AXI_BVALID"/>
      </nets>
    </probe>
    <probe type="ila" busType="bus" source="netlist" spec="ILA_V2_RT">
      <probeOptions Id="DebugProbeParams">
        <Option Id="CAPTURE_COMPARE_VALUE" value="eq32&apos;hXXXX_XXXX"/>
        <Option Id="COMPARE_VALUE.0" value="eq32&apos;hXXXX_XXXX"/>
        <Option Id="DISPLAY_AS_ENUM" value="1"/>
        <Option Id="DISPLAY_HINT" value=""/>
        <Option Id="DISPLAY_RADIX" value="HEX"/>
        <Option Id="DISPLAY_VISIBILITY" value=""/>
        <Option Id="HW_ILA" value="hw_ila_1"/>
        <Option Id="LINK_TO_WAVEFORM" value="1"/>
        <Option Id="MAP" value="probe10[31:0]"/>
        <Option Id="NAME.CUSTOM" value=""/>
        <Option Id="NAME.SELECT" value="Long"/>
        <Option Id="SOURCE" value="netlist"/>
        <Option Id="TRIGGER_COMPARE_VALUE" value="eq32&apos;hXXXX_XXXX"/>
        <Option Id="WAVEFORM_STYLE" value="Digital"/>
      </probeOptions>
      <nets>
        <net name="design_1_i/ps8_0_axi_periph_M00_AXI_RDATA[31]"/>
        <net name="design_1_i/ps8_0_axi_periph_M00_AXI_RDATA[30]"/>
        <net name="design_1_i/ps8_0_axi_periph_M00_AXI_RDATA[29]"/>
        <net name="design_1_i/ps8_0_axi_periph_M00_AXI_RDATA[28]"/>
        <net name="design_1_i/ps8_0_axi_periph_M00_AXI_RDATA[27]"/>
        <net name="design_1_i/ps8_0_axi_periph_M00_AXI_RDATA[26]"/>
        <net name="design_1_i/ps8_0_axi_periph_M00_AXI_RDATA[25]"/>
        <net name="design_1_i/ps8_0_axi_periph_M00_AXI_RDATA[24]"/>
        <net name="design_1_i/ps8_0_axi_periph_M00_AXI_RDATA[23]"/>
        <net name="design_1_i/ps8_0_axi_periph_M00_AXI_RDATA[22]"/>
        <net name="design_1_i/ps8_0_axi_periph_M00_AXI_RDATA[21]"/>
        <net name="design_1_i/ps8_0_axi_periph_M00_AXI_RDATA[20]"/>
        <net name="design_1_i/ps8_0_axi_periph_M00_AXI_RDATA[19]"/>
        <net name="design_1_i/ps8_0_axi_periph_M00_AXI_RDATA[18]"/>
        <net name="design_1_i/ps8_0_axi_periph_M00_AXI_RDATA[17]"/>
        <net name="design_1_i/ps8_0_axi_periph_M00_AXI_RDATA[16]"/>
        <net name="design_1_i/ps8_0_axi_periph_M00_AXI_RDATA[15]"/>
        <net name="design_1_i/ps8_0_axi_periph_M00_AXI_RDATA[14]"/>
        <net name="design_1_i/ps8_0_axi_periph_M00_AXI_RDATA[13]"/>
        <net name="design_1_i/ps8_0_axi_periph_M00_AXI_RDATA[12]"/>
        <net name="design_1_i/ps8_0_axi_periph_M00_AXI_RDATA[11]"/>
        <net name="design_1_i/ps8_0_axi_periph_M00_AXI_RDATA[10]"/>
        <net name="design_1_i/ps8_0_axi_periph_M00_AXI_RDATA[9]"/>
        <net name="design_1_i/ps8_0_axi_periph_M00_AXI_RDATA[8]"/>
        <net name="design_1_i/ps8_0_axi_periph_M00_AXI_RDATA[7]"/>
        <net name="design_1_i/ps8_0_axi_periph_M00_AXI_RDATA[6]"/>
        <net name="design_1_i/ps8_0_axi_periph_M00_AXI_RDATA[5]"/>
        <net name="design_1_i/ps8_0_axi_periph_M00_AXI_RDATA[4]"/>
        <net name="design_1_i/ps8_0_axi_periph_M00_AXI_RDATA[3]"/>
        <net name="design_1_i/ps8_0_axi_periph_M00_AXI_RDATA[2]"/>
        <net name="design_1_i/ps8_0_axi_periph_M00_AXI_RDATA[1]"/>
        <net name="design_1_i/ps8_0_axi_periph_M00_AXI_RDATA[0]"/>
      </nets>
    </probe>
    <probe type="ila" busType="net" source="netlist" spec="ILA_V2_RT">
      <probeOptions Id="DebugProbeParams">
        <Option Id="CAPTURE_COMPARE_VALUE" value="eq1&apos;bX"/>
        <Option Id="COMPARE_VALUE.0" value="eq1&apos;bX"/>
        <Option Id="DISPLAY_AS_ENUM" value="1"/>
        <Option Id="DISPLAY_HINT" value=""/>
        <Option Id="DISPLAY_RADIX" value="HEX"/>
        <Option Id="DISPLAY_VISIBILITY" value=""/>
        <Option Id="HW_ILA" value="hw_ila_1"/>
        <Option Id="LINK_TO_WAVEFORM" value="1"/>
        <Option Id="MAP" value="probe6[0]"/>
        <Option Id="NAME.CUSTOM" value=""/>
        <Option Id="NAME.SELECT" value="Long"/>
        <Option Id="SOURCE" value="netlist"/>
        <Option Id="TRIGGER_COMPARE_VALUE" value="eq1&apos;bX"/>
        <Option Id="WAVEFORM_STYLE" value="Digital"/>
      </probeOptions>
      <nets>
        <net name="design_1_i/ps8_0_axi_periph_M00_AXI_RREADY"/>
      </nets>
    </probe>
    <probe type="ila" busType="bus" source="netlist" spec="ILA_V2_RT">
      <probeOptions Id="DebugProbeParams">
        <Option Id="CAPTURE_COMPARE_VALUE" value="eq2&apos;hX"/>
        <Option Id="COMPARE_VALUE.0" value="eq2&apos;hX"/>
        <Option Id="DISPLAY_AS_ENUM" value="1"/>
        <Option Id="DISPLAY_HINT" value=""/>
        <Option Id="DISPLAY_RADIX" value="HEX"/>
        <Option Id="DISPLAY_VISIBILITY" value=""/>
        <Option Id="HW_ILA" value="hw_ila_1"/>
        <Option Id="LINK_TO_WAVEFORM" value="1"/>
        <Option Id="MAP" value="probe13[1:0]"/>
        <Option Id="NAME.CUSTOM" value=""/>
        <Option Id="NAME.SELECT" value="Long"/>
        <Option Id="SOURCE" value="netlist"/>
        <Option Id="TRIGGER_COMPARE_VALUE" value="eq2&apos;hX"/>
        <Option Id="WAVEFORM_STYLE" value="Digital"/>
      </probeOptions>
      <nets>
        <net name="design_1_i/ps8_0_axi_periph_M00_AXI_RRESP[1]"/>
        <net name="design_1_i/ps8_0_axi_periph_M00_AXI_RRESP[0]"/>
      </nets>
    </probe>
    <probe type="ila" busType="net" source="netlist" spec="ILA_V2_RT">
      <probeOptions Id="DebugProbeParams">
        <Option Id="CAPTURE_COMPARE_VALUE" value="eq1&apos;bX"/>
        <Option Id="COMPARE_VALUE.0" value="eq1&apos;bX"/>
        <Option Id="DISPLAY_AS_ENUM" value="1"/>
        <Option Id="DISPLAY_HINT" value=""/>
        <Option Id="DISPLAY_RADIX" value="HEX"/>
        <Option Id="DISPLAY_VISIBILITY" value=""/>
        <Option Id="HW_ILA" value="hw_ila_1"/>
        <Option Id="LINK_TO_WAVEFORM" value="1"/>
        <Option Id="MAP" value="probe16[0]"/>
        <Option Id="NAME.CUSTOM" value=""/>
        <Option Id="NAME.SELECT" value="Long"/>
        <Option Id="SOURCE" value="netlist"/>
        <Option Id="TRIGGER_COMPARE_VALUE" value="eq1&apos;bX"/>
        <Option Id="WAVEFORM_STYLE" value="Digital"/>
      </probeOptions>
      <nets>
        <net name="design_1_i/ps8_0_axi_periph_M00_AXI_RVALID"/>
      </nets>
    </probe>
    <probe type="ila" busType="bus" source="netlist" spec="ILA_V2_RT">
      <probeOptions Id="DebugProbeParams">
        <Option Id="CAPTURE_COMPARE_VALUE" value="eq32&apos;hXXXX_XXXX"/>
        <Option Id="COMPARE_VALUE.0" value="eq32&apos;hXXXX_XXXX"/>
        <Option Id="DISPLAY_AS_ENUM" value="1"/>
        <Option Id="DISPLAY_HINT" value=""/>
        <Option Id="DISPLAY_RADIX" value="HEX"/>
        <Option Id="DISPLAY_VISIBILITY" value=""/>
        <Option Id="HW_ILA" value="hw_ila_1"/>
        <Option Id="LINK_TO_WAVEFORM" value="1"/>
        <Option Id="MAP" value="probe14[31:0]"/>
        <Option Id="NAME.CUSTOM" value=""/>
        <Option Id="NAME.SELECT" value="Short"/>
        <Option Id="SOURCE" value="netlist"/>
        <Option Id="TRIGGER_COMPARE_VALUE" value="eq32&apos;hXXXX_XXXX"/>
        <Option Id="WAVEFORM_STYLE" value="Digital"/>
      </probeOptions>
      <nets>
        <net name="design_1_i/ps8_0_axi_periph_M00_AXI_WDATA[31]"/>
        <net name="design_1_i/ps8_0_axi_periph_M00_AXI_WDATA[30]"/>
        <net name="design_1_i/ps8_0_axi_periph_M00_AXI_WDATA[29]"/>
        <net name="design_1_i/ps8_0_axi_periph_M00_AXI_WDATA[28]"/>
        <net name="design_1_i/ps8_0_axi_periph_M00_AXI_WDATA[27]"/>
        <net name="design_1_i/ps8_0_axi_periph_M00_AXI_WDATA[26]"/>
        <net name="design_1_i/ps8_0_axi_periph_M00_AXI_WDATA[25]"/>
        <net name="design_1_i/ps8_0_axi_periph_M00_AXI_WDATA[24]"/>
        <net name="design_1_i/ps8_0_axi_periph_M00_AXI_WDATA[23]"/>
        <net name="design_1_i/ps8_0_axi_periph_M00_AXI_WDATA[22]"/>
        <net name="design_1_i/ps8_0_axi_periph_M00_AXI_WDATA[21]"/>
        <net name="design_1_i/ps8_0_axi_periph_M00_AXI_WDATA[20]"/>
        <net name="design_1_i/ps8_0_axi_periph_M00_AXI_WDATA[19]"/>
        <net name="design_1_i/ps8_0_axi_periph_M00_AXI_WDATA[18]"/>
        <net name="design_1_i/ps8_0_axi_periph_M00_AXI_WDATA[17]"/>
        <net name="design_1_i/ps8_0_axi_periph_M00_AXI_WDATA[16]"/>
        <net name="design_1_i/ps8_0_axi_periph_M00_AXI_WDATA[15]"/>
        <net name="design_1_i/ps8_0_axi_periph_M00_AXI_WDATA[14]"/>
        <net name="design_1_i/ps8_0_axi_periph_M00_AXI_WDATA[13]"/>
        <net name="design_1_i/ps8_0_axi_periph_M00_AXI_WDATA[12]"/>
        <net name="design_1_i/ps8_0_axi_periph_M00_AXI_WDATA[11]"/>
        <net name="design_1_i/ps8_0_axi_periph_M00_AXI_WDATA[10]"/>
        <net name="design_1_i/ps8_0_axi_periph_M00_AXI_WDATA[9]"/>
        <net name="design_1_i/ps8_0_axi_periph_M00_AXI_WDATA[8]"/>
        <net name="design_1_i/ps8_0_axi_periph_M00_AXI_WDATA[7]"/>
        <net name="design_1_i/ps8_0_axi_periph_M00_AXI_WDATA[6]"/>
        <net name="design_1_i/ps8_0_axi_periph_M00_AXI_WDATA[5]"/>
        <net name="design_1_i/ps8_0_axi_periph_M00_AXI_WDATA[4]"/>
        <net name="design_1_i/ps8_0_axi_periph_M00_AXI_WDATA[3]"/>
        <net name="design_1_i/ps8_0_axi_periph_M00_AXI_WDATA[2]"/>
        <net name="design_1_i/ps8_0_axi_periph_M00_AXI_WDATA[1]"/>
        <net name="design_1_i/ps8_0_axi_periph_M00_AXI_WDATA[0]"/>
      </nets>
    </probe>
    <probe type="ila" busType="net" source="netlist" spec="ILA_V2_RT">
      <probeOptions Id="DebugProbeParams">
        <Option Id="CAPTURE_COMPARE_VALUE" value="eq1&apos;bX"/>
        <Option Id="COMPARE_VALUE.0" value="eq1&apos;bX"/>
        <Option Id="DISPLAY_AS_ENUM" value="1"/>
        <Option Id="DISPLAY_HINT" value=""/>
        <Option Id="DISPLAY_RADIX" value="HEX"/>
        <Option Id="DISPLAY_VISIBILITY" value=""/>
        <Option Id="HW_ILA" value="hw_ila_1"/>
        <Option Id="LINK_TO_WAVEFORM" value="1"/>
        <Option Id="MAP" value="probe0[0]"/>
        <Option Id="NAME.CUSTOM" value=""/>
        <Option Id="NAME.SELECT" value="Short"/>
        <Option Id="SOURCE" value="netlist"/>
        <Option Id="TRIGGER_COMPARE_VALUE" value="eq1&apos;bX"/>
        <Option Id="WAVEFORM_STYLE" value="Digital"/>
      </probeOptions>
      <nets>
        <net name="design_1_i/ps8_0_axi_periph_M00_AXI_WREADY"/>
      </nets>
    </probe>
    <probe type="ila" busType="bus" source="netlist" spec="ILA_V2_RT">
      <probeOptions Id="DebugProbeParams">
        <Option Id="CAPTURE_COMPARE_VALUE" value="eq4&apos;hX"/>
        <Option Id="COMPARE_VALUE.0" value="eq4&apos;hX"/>
        <Option Id="DISPLAY_AS_ENUM" value="1"/>
        <Option Id="DISPLAY_HINT" value=""/>
        <Option Id="DISPLAY_RADIX" value="HEX"/>
        <Option Id="DISPLAY_VISIBILITY" value=""/>
        <Option Id="HW_ILA" value="hw_ila_1"/>
        <Option Id="LINK_TO_WAVEFORM" value="1"/>
        <Option Id="MAP" value="probe15[3:0]"/>
        <Option Id="NAME.CUSTOM" value=""/>
        <Option Id="NAME.SELECT" value="Long"/>
        <Option Id="SOURCE" value="netlist"/>
        <Option Id="TRIGGER_COMPARE_VALUE" value="eq4&apos;hX"/>
        <Option Id="WAVEFORM_STYLE" value="Digital"/>
      </probeOptions>
      <nets>
        <net name="design_1_i/ps8_0_axi_periph_M00_AXI_WSTRB[3]"/>
        <net name="design_1_i/ps8_0_axi_periph_M00_AXI_WSTRB[2]"/>
        <net name="design_1_i/ps8_0_axi_periph_M00_AXI_WSTRB[1]"/>
        <net name="design_1_i/ps8_0_axi_periph_M00_AXI_WSTRB[0]"/>
      </nets>
    </probe>
    <probe type="ila" busType="net" source="netlist" spec="ILA_V2_RT">
      <probeOptions Id="DebugProbeParams">
        <Option Id="CAPTURE_COMPARE_VALUE" value="eq1&apos;bX"/>
        <Option Id="COMPARE_VALUE.0" value="eq1&apos;bR"/>
        <Option Id="DISPLAY_AS_ENUM" value="1"/>
        <Option Id="DISPLAY_HINT" value=""/>
        <Option Id="DISPLAY_RADIX" value="HEX"/>
        <Option Id="DISPLAY_VISIBILITY" value=""/>
        <Option Id="HW_ILA" value="hw_ila_1"/>
        <Option Id="LINK_TO_WAVEFORM" value="1"/>
        <Option Id="MAP" value="probe7[0]"/>
        <Option Id="NAME.CUSTOM" value=""/>
        <Option Id="NAME.SELECT" value="Short"/>
        <Option Id="SOURCE" value="netlist"/>
        <Option Id="TRIGGER_COMPARE_VALUE" value="eq1&apos;bR"/>
        <Option Id="WAVEFORM_STYLE" value="Digital"/>
      </probeOptions>
      <nets>
        <net name="design_1_i/ps8_0_axi_periph_M00_AXI_WVALID"/>
      </nets>
    </probe>
  </probeset>
</hwsession>
