<?xml version="1.0" encoding="UTF-8" standalone="no"?>
<ip_presets schema="1.0">
  <ip_preset preset_proc_name="zynq_ultra_ps_e_preset"> 
    <ip vendor="xilinx.com" library="ip" name="zynq_ultra_ps_e" version="*"> 
      <user_parameters>
        <user_parameter name="CONFIG.PSU__ENET3__PERIPHERAL__ENABLE" value="1"/>
        <user_parameter name="CONFIG.PSU__ENET3__GRP_MDIO__ENABLE" value="1"/>
        <user_parameter name="CONFIG.PSU__GPIO_EMIO__PERIPHERAL__ENABLE" value="0"/>
        <user_parameter name="CONFIG.PSU__GPIO0_MIO__PERIPHERAL__ENABLE" value="0"/>
        <user_parameter name="CONFIG.PSU__GPIO1_MIO__PERIPHERAL__ENABLE" value="1"/>
        <user_parameter name="CONFIG.PSU__I2C0__PERIPHERAL__ENABLE" value="1"/>
        <user_parameter name="CONFIG.PSU__I2C0__PERIPHERAL__IO" value="MIO 14 .. 15"/>
        <user_parameter name="CONFIG.PSU__I2C1__PERIPHERAL__ENABLE" value="1"/>
        <user_parameter name="CONFIG.PSU__I2C1__PERIPHERAL__IO" value="MIO 16 .. 17"/>
        <user_parameter name="CONFIG.PSU__PMU__PERIPHERAL__ENABLE" value="0"/>
        <user_parameter name="CONFIG.PSU__QSPI__PERIPHERAL__ENABLE" value="1"/>
        <user_parameter name="CONFIG.PSU__QSPI__PERIPHERAL__MODE" value="Dual Parallel"/>
        <user_parameter name="CONFIG.PSU__QSPI__GRP_FBCLK__ENABLE" value="1"/>
        <user_parameter name="CONFIG.PSU__SD1__PERIPHERAL__ENABLE" value="1"/>
        <user_parameter name="CONFIG.PSU__SD1__PERIPHERAL__IO" value="MIO 46 .. 51"/>
        <user_parameter name="CONFIG.PSU__SD1__GRP_CD__ENABLE" value="1"/>
        <user_parameter name="CONFIG.PSU__SD1__GRP_POW__ENABLE" value="0"/>
        <user_parameter name="CONFIG.PSU__SD1__GRP_WP__ENABLE" value="1"/>
        <user_parameter name="CONFIG.PSU__SD1__SLOT_TYPE" value="SD 2.0"/>
        <user_parameter name="CONFIG.PSU__DDRC__CL" value="13"/>
        <user_parameter name="CONFIG.PSU__DDRC__RANK_ADDR_COUNT" value="1"/>
        <user_parameter name="CONFIG.PSU__DDRC__CWL" value="10"/>
        <user_parameter name="CONFIG.PSU__DDRC__DEVICE_CAPACITY" value="8192 MBits"/>
        <user_parameter name="CONFIG.PSU__DDRC__ECC" value="Enabled"/>
        <user_parameter name="CONFIG.PSU__DDRC__MEMORY_TYPE" value="DDR 4"/>
        <user_parameter name="CONFIG.PSU__DDRC__ROW_ADDR_COUNT" value="16"/>
        <user_parameter name="CONFIG.PSU__DDRC__SPEED_BIN" value="DDR4_1866L"/>
        <user_parameter name="CONFIG.PSU__DDRC__T_FAW" value="21"/>
        <user_parameter name="CONFIG.PSU__DDRC__T_RAS_MIN" value="34"/>
        <user_parameter name="CONFIG.PSU__DDRC__T_RC" value="46.85"/>
        <user_parameter name="CONFIG.PSU__DDRC__T_RCD" value="13"/>
        <user_parameter name="CONFIG.PSU__DDRC__T_RP" value="13"/>
        <user_parameter name="CONFIG.PSU__DDRC__DIMM_ADDR_MIRROR" value="1"/>
        <user_parameter name="CONFIG.PSU__DDRC__COMPONENTS" value="UDIMM"/>
        <user_parameter name="CONFIG.PSU__UART0__PERIPHERAL__ENABLE" value="1"/>
        <user_parameter name="CONFIG.PSU__UART0__PERIPHERAL__IO" value="MIO 18 .. 19"/>
        <user_parameter name="CONFIG.PSU__UART1__PERIPHERAL__ENABLE" value="1"/>
        <user_parameter name="CONFIG.PSU__UART1__PERIPHERAL__IO" value="MIO 20 .. 21"/>
        <user_parameter name="CONFIG.PSU_MIO_37_PULLUPDOWN" value="pullup"/>
        <user_parameter name="CONFIG.PSU__CRF_APB__VPLL_CTRL__FBDIV" value="84"/>
        <user_parameter name="CONFIG.PSU__CRF_APB__DDR_CTRL__SRCSEL" value="VPLL"/>
        <user_parameter name="CONFIG.PSU__CRL_APB__SDIO1_REF_CTRL__SRCSEL" value="RPLL"/>
        <user_parameter name="CONFIG.PSU__OVERRIDE__BASIC_CLOCK" value="1"/>
        <user_parameter name="CONFIG.PSU__CRF_APB__DDR_CTRL__FREQMHZ" value="933"/>
        <user_parameter name="CONFIG.PSU__CRL_APB__QSPI_REF_CTRL__FREQMHZ" value="125"/>
        <user_parameter name="CONFIG.PSU__CRL_APB__SDIO1_REF_CTRL__FREQMHZ" value="200"/>
        <user_parameter name="CONFIG.PSU__CRF_APB__TOPSW_MAIN_CTRL__DIVISOR0" value="3"/>
      </user_parameters>
    </ip>
  </ip_preset>
</ip_presets>
