<?xml version="1.0" encoding="utf-8"?>
<xd:acceleratorMap xmlns:xd="http://www.xilinx.com/xidane" xd:functionName="CcrfSubtaskScheduler" xd:componentRef="CcrfSubtaskScheduler" xd:initiationInterval="135644" xd:clockPeriod="10.000" xd:sequential="true" xd:hostMachine="64" xd:reset="control">
  <xd:controlReg xd:name="control" xd:interfaceRef="ap_ctrl" xd:busTypeRef="acc_handshake" xd:type="acc_handshake"/>
  <xd:arg xd:name="input_jobs.job_descriptor.OUTPUT_IMAGE_LOCATION" xd:originalName="input_jobs" xd:direction="in" xd:interfaceRef="input_jobs_V" xd:busTypeRef="axis" xd:dataPack="true" xd:bitMapping="63:0" xd:dataWidth="64"/>
  <xd:arg xd:name="input_jobs.job_descriptor.INPUT_IMAGES[0]" xd:originalName="input_jobs" xd:direction="in" xd:interfaceRef="input_jobs_V" xd:busTypeRef="axis" xd:dataPack="true" xd:bitMapping="127:64" xd:dataWidth="64"/>
  <xd:arg xd:name="input_jobs.job_descriptor.INPUT_IMAGES[1]" xd:originalName="input_jobs" xd:direction="in" xd:interfaceRef="input_jobs_V" xd:busTypeRef="axis" xd:dataPack="true" xd:bitMapping="191:128" xd:dataWidth="64"/>
  <xd:arg xd:name="input_jobs.job_descriptor.INPUT_IMAGES[2]" xd:originalName="input_jobs" xd:direction="in" xd:interfaceRef="input_jobs_V" xd:busTypeRef="axis" xd:dataPack="true" xd:bitMapping="255:192" xd:dataWidth="64"/>
  <xd:arg xd:name="input_jobs.job_descriptor.INPUT_IMAGES[3]" xd:originalName="input_jobs" xd:direction="in" xd:interfaceRef="input_jobs_V" xd:busTypeRef="axis" xd:dataPack="true" xd:bitMapping="319:256" xd:dataWidth="64"/>
  <xd:arg xd:name="input_jobs.job_descriptor.INPUT_IMAGES[4]" xd:originalName="input_jobs" xd:direction="in" xd:interfaceRef="input_jobs_V" xd:busTypeRef="axis" xd:dataPack="true" xd:bitMapping="383:320" xd:dataWidth="64"/>
  <xd:arg xd:name="input_jobs.job_descriptor.INPUT_IMAGES[5]" xd:originalName="input_jobs" xd:direction="in" xd:interfaceRef="input_jobs_V" xd:busTypeRef="axis" xd:dataPack="true" xd:bitMapping="447:384" xd:dataWidth="64"/>
  <xd:arg xd:name="input_jobs.job_descriptor.IMAGE_WIDTH" xd:originalName="input_jobs" xd:direction="in" xd:interfaceRef="input_jobs_V" xd:busTypeRef="axis" xd:dataPack="true" xd:bitMapping="463:448" xd:dataWidth="16"/>
  <xd:arg xd:name="input_jobs.job_descriptor.IMAGE_HEIGHT" xd:originalName="input_jobs" xd:direction="in" xd:interfaceRef="input_jobs_V" xd:busTypeRef="axis" xd:dataPack="true" xd:bitMapping="479:464" xd:dataWidth="16"/>
  <xd:arg xd:name="input_jobs.job_descriptor.LDR_IMAGE_COUNT" xd:originalName="input_jobs" xd:direction="in" xd:interfaceRef="input_jobs_V" xd:busTypeRef="axis" xd:dataPack="true" xd:bitMapping="487:480" xd:dataWidth="8"/>
  <xd:arg xd:name="input_jobs.job_ID" xd:originalName="input_jobs" xd:direction="in" xd:interfaceRef="input_jobs_V" xd:busTypeRef="axis" xd:dataPack="true" xd:bitMapping="495:488" xd:dataWidth="8"/>
  <xd:arg xd:name="subtask_queue.input1" xd:originalName="subtask_queue" xd:direction="out" xd:interfaceRef="subtask_queue_V" xd:busTypeRef="axis" xd:dataPack="true" xd:bitMapping="63:0" xd:dataWidth="64"/>
  <xd:arg xd:name="subtask_queue.input2" xd:originalName="subtask_queue" xd:direction="out" xd:interfaceRef="subtask_queue_V" xd:busTypeRef="axis" xd:dataPack="true" xd:bitMapping="127:64" xd:dataWidth="64"/>
  <xd:arg xd:name="subtask_queue.output" xd:originalName="subtask_queue" xd:direction="out" xd:interfaceRef="subtask_queue_V" xd:busTypeRef="axis" xd:dataPack="true" xd:bitMapping="191:128" xd:dataWidth="64"/>
  <xd:arg xd:name="subtask_queue.image_size" xd:originalName="subtask_queue" xd:direction="out" xd:interfaceRef="subtask_queue_V" xd:busTypeRef="axis" xd:dataPack="true" xd:bitMapping="223:192" xd:dataWidth="32"/>
  <xd:arg xd:name="subtask_queue.job_ID" xd:originalName="subtask_queue" xd:direction="out" xd:interfaceRef="subtask_queue_V" xd:busTypeRef="axis" xd:dataPack="true" xd:bitMapping="231:224" xd:dataWidth="8"/>
  <xd:arg xd:name="jobs_in_progress.output_address" xd:originalName="jobs_in_progress" xd:direction="out" xd:interfaceRef="jobs_in_progress_V" xd:busTypeRef="axis" xd:dataPack="true" xd:bitMapping="63:0" xd:dataWidth="64"/>
  <xd:arg xd:name="jobs_in_progress.job_ID" xd:originalName="jobs_in_progress" xd:direction="out" xd:interfaceRef="jobs_in_progress_V" xd:busTypeRef="axis" xd:dataPack="true" xd:bitMapping="71:64" xd:dataWidth="8"/>
  <xd:arg xd:name="jobs_in_progress.image_size" xd:originalName="jobs_in_progress" xd:direction="out" xd:interfaceRef="jobs_in_progress_V" xd:busTypeRef="axis" xd:dataPack="true" xd:bitMapping="103:72" xd:dataWidth="32"/>
  <xd:arg xd:name="CCRF_HARDWARE_SCRATCHPAD_START" xd:originalName="CCRF_HARDWARE_SCRATCHPAD_START" xd:direction="in" xd:interfaceRef="CCRF_HARDWARE_SCRATCHPAD_START" xd:busTypeRef="register" xd:handshakeRef="ap_none" xd:dataWidth="64"/>
  <xd:arg xd:name="CCRF_HARDWARE_SCRATCHPAD_END" xd:originalName="CCRF_HARDWARE_SCRATCHPAD_END" xd:direction="in" xd:interfaceRef="CCRF_HARDWARE_SCRATCHPAD_END" xd:busTypeRef="register" xd:handshakeRef="ap_none" xd:dataWidth="64"/>
  <xd:arg xd:name="ccrf_subtask_scheduler_got_data" xd:originalName="ccrf_subtask_scheduler_got_data" xd:direction="out" xd:interfaceRef="ccrf_subtask_scheduler_got_data" xd:busTypeRef="register" xd:handshakeRef="ap_none" xd:dataWidth="1"/>
  <xd:latencyEstimates xd:best-case="1" xd:worst-case="135643" xd:average-case="undef"/>
  <xd:resourceEstimates xd:LUT="1004" xd:FF="908" xd:BRAM="4" xd:DSP="1"/>
</xd:acceleratorMap>
